YnwhwJoP@gmail.com,READ,2024-09-29 07:56:33
IBaqfi@gmail.com,READ,2024-09-29 09:27:17
zwKVmp@ya.ru,DELETE,2024-09-29 21:01:28
gxTCOO@mail.ru,DELETE,2024-09-29 05:05:00
LjfSiOYsuMMKv@gmail.com,READ,2024-09-29 09:13:07
AVYls@mail.ru,UPDATE,2024-09-29 03:54:28
NqGeNPnu@ya.ru,DELETE,2024-09-29 17:43:01
NqGeNPnu@ya.ru,READ,2024-09-29 17:11:52
IBaqfi@gmail.com,UPDATE,2024-09-29 04:30:02
YnwhwJoP@gmail.com,UPDATE,2024-09-29 13:15:32
LjfSiOYsuMMKv@gmail.com,UPDATE,2024-09-29 15:41:38
IBaqfi@gmail.com,UPDATE,2024-09-29 05:42:56
xOdsRbq@mail.ru,DELETE,2024-09-29 13:56:22
AVYls@mail.ru,DELETE,2024-09-29 02:17:59
NqGeNPnu@ya.ru,DELETE,2024-09-29 19:15:11
xOdsRbq@mail.ru,READ,2024-09-29 17:39:28
AVYls@mail.ru,UPDATE,2024-09-29 22:14:39
EzsLelMRt@ya.ru,UPDATE,2024-09-29 13:32:42
xOdsRbq@mail.ru,CREATE,2024-09-29 08:23:56
EzsLelMRt@ya.ru,UPDATE,2024-09-29 20:20:53
EzsLelMRt@ya.ru,UPDATE,2024-09-29 10:09:32
xOdsRbq@mail.ru,CREATE,2024-09-29 05:13:50
NqGeNPnu@ya.ru,UPDATE,2024-09-29 08:07:05
AVYls@mail.ru,CREATE,2024-09-29 03:07:55
zwKVmp@ya.ru,DELETE,2024-09-29 21:35:04
LjfSiOYsuMMKv@gmail.com,DELETE,2024-09-29 19:23:02
xOdsRbq@mail.ru,READ,2024-09-29 22:06:48
IBaqfi@gmail.com,DELETE,2024-09-29 02:22:49
xOdsRbq@mail.ru,DELETE,2024-09-29 11:48:44
NqGeNPnu@ya.ru,CREATE,2024-09-29 08:18:32
YnwhwJoP@gmail.com,CREATE,2024-09-29 22:22:44
gxTCOO@mail.ru,READ,2024-09-29 10:39:07
LjfSiOYsuMMKv@gmail.com,DELETE,2024-09-29 20:53:59
AVYls@mail.ru,UPDATE,2024-09-29 09:49:13
HdSDO@mail.ru,DELETE,2024-09-29 12:44:37
IBaqfi@gmail.com,CREATE,2024-09-29 00:31:02
LjfSiOYsuMMKv@gmail.com,UPDATE,2024-09-29 19:22:04
zwKVmp@ya.ru,CREATE,2024-09-29 19:42:40
NqGeNPnu@ya.ru,READ,2024-09-29 02:00:47
YnwhwJoP@gmail.com,UPDATE,2024-09-29 01:21:57
YnwhwJoP@gmail.com,READ,2024-09-29 09:09:03
HdSDO@mail.ru,DELETE,2024-09-29 05:41:44
IBaqfi@gmail.com,CREATE,2024-09-29 09:21:54
YnwhwJoP@gmail.com,READ,2024-09-29 20:39:16
zwKVmp@ya.ru,CREATE,2024-09-29 05:18:45
AVYls@mail.ru,CREATE,2024-09-29 02:27:08
LjfSiOYsuMMKv@gmail.com,CREATE,2024-09-29 00:31:26
IBaqfi@gmail.com,CREATE,2024-09-29 11:12:03
xOdsRbq@mail.ru,UPDATE,2024-09-29 14:55:43
IBaqfi@gmail.com,DELETE,2024-09-29 22:16:28
HdSDO@mail.ru,CREATE,2024-09-29 12:50:38
LjfSiOYsuMMKv@gmail.com,UPDATE,2024-09-29 03:13:16
YnwhwJoP@gmail.com,READ,2024-09-29 08:41:07
LjfSiOYsuMMKv@gmail.com,DELETE,2024-09-29 02:32:13
gxTCOO@mail.ru,CREATE,2024-09-29 14:50:22
NqGeNPnu@ya.ru,DELETE,2024-09-29 21:06:48
gxTCOO@mail.ru,READ,2024-09-29 00:04:34
gxTCOO@mail.ru,CREATE,2024-09-29 17:52:43
AVYls@mail.ru,CREATE,2024-09-29 19:04:52
xOdsRbq@mail.ru,CREATE,2024-09-29 17:51:24
YnwhwJoP@gmail.com,CREATE,2024-09-29 04:38:34
IBaqfi@gmail.com,DELETE,2024-09-29 09:32:02
HdSDO@mail.ru,UPDATE,2024-09-29 17:52:15
IBaqfi@gmail.com,READ,2024-09-29 19:44:05
xOdsRbq@mail.ru,CREATE,2024-09-29 11:56:00
EzsLelMRt@ya.ru,UPDATE,2024-09-29 19:57:31
xOdsRbq@mail.ru,READ,2024-09-29 03:32:17
xOdsRbq@mail.ru,READ,2024-09-29 02:43:50
xOdsRbq@mail.ru,READ,2024-09-29 20:48:18
EzsLelMRt@ya.ru,READ,2024-09-29 10:38:48
HdSDO@mail.ru,DELETE,2024-09-29 08:30:53
zwKVmp@ya.ru,DELETE,2024-09-29 22:33:57
LjfSiOYsuMMKv@gmail.com,DELETE,2024-09-29 18:14:37
zwKVmp@ya.ru,READ,2024-09-29 09:34:08
EzsLelMRt@ya.ru,READ,2024-09-29 03:57:14
LjfSiOYsuMMKv@gmail.com,DELETE,2024-09-29 07:08:10
IBaqfi@gmail.com,CREATE,2024-09-29 20:50:09
LjfSiOYsuMMKv@gmail.com,READ,2024-09-29 05:47:37
NqGeNPnu@ya.ru,CREATE,2024-09-29 06:57:30
AVYls@mail.ru,CREATE,2024-09-29 13:20:57
HdSDO@mail.ru,READ,2024-09-29 07:11:22
AVYls@mail.ru,READ,2024-09-29 19:29:57
xOdsRbq@mail.ru,CREATE,2024-09-29 14:02:08
HdSDO@mail.ru,READ,2024-09-29 07:23:05
YnwhwJoP@gmail.com,DELETE,2024-09-29 11:19:25
AVYls@mail.ru,READ,2024-09-29 02:15:58
EzsLelMRt@ya.ru,CREATE,2024-09-29 11:04:08
LjfSiOYsuMMKv@gmail.com,UPDATE,2024-09-29 20:10:28
HdSDO@mail.ru,CREATE,2024-09-29 04:55:58
EzsLelMRt@ya.ru,UPDATE,2024-09-29 07:44:43
HdSDO@mail.ru,DELETE,2024-09-29 00:16:36
EzsLelMRt@ya.ru,READ,2024-09-29 12:52:01
YnwhwJoP@gmail.com,READ,2024-09-29 20:02:41
AVYls@mail.ru,DELETE,2024-09-29 21:50:55
zwKVmp@ya.ru,DELETE,2024-09-29 15:08:51
EzsLelMRt@ya.ru,UPDATE,2024-09-29 18:22:54
zwKVmp@ya.ru,READ,2024-09-29 00:18:02
NqGeNPnu@ya.ru,UPDATE,2024-09-29 14:05:15
AVYls@mail.ru,CREATE,2024-09-29 19:20:38
AVYls@mail.ru,READ,2024-09-29 21:12:01
AVYls@mail.ru,UPDATE,2024-09-29 04:16:52
YnwhwJoP@gmail.com,READ,2024-09-29 03:17:33
IBaqfi@gmail.com,CREATE,2024-09-29 19:39:27
zwKVmp@ya.ru,UPDATE,2024-09-29 02:24:10
gxTCOO@mail.ru,CREATE,2024-09-29 04:50:54
AVYls@mail.ru,DELETE,2024-09-29 02:01:50
gxTCOO@mail.ru,DELETE,2024-09-29 08:11:30
zwKVmp@ya.ru,UPDATE,2024-09-29 09:28:40
IBaqfi@gmail.com,CREATE,2024-09-29 00:53:48
gxTCOO@mail.ru,READ,2024-09-29 18:14:29
HdSDO@mail.ru,UPDATE,2024-09-29 00:56:08
xOdsRbq@mail.ru,READ,2024-09-29 18:17:55
EzsLelMRt@ya.ru,CREATE,2024-09-29 23:48:52
LjfSiOYsuMMKv@gmail.com,DELETE,2024-09-29 22:28:01
EzsLelMRt@ya.ru,READ,2024-09-29 16:22:10
NqGeNPnu@ya.ru,DELETE,2024-09-29 22:11:19
zwKVmp@ya.ru,READ,2024-09-29 16:31:06
EzsLelMRt@ya.ru,DELETE,2024-09-29 17:52:47
LjfSiOYsuMMKv@gmail.com,CREATE,2024-09-29 02:57:03
AVYls@mail.ru,DELETE,2024-09-29 22:19:23
EzsLelMRt@ya.ru,DELETE,2024-09-29 01:15:09
xOdsRbq@mail.ru,DELETE,2024-09-29 01:25:11
LjfSiOYsuMMKv@gmail.com,READ,2024-09-29 01:28:06
zwKVmp@ya.ru,READ,2024-09-29 11:25:24
AVYls@mail.ru,DELETE,2024-09-29 18:15:22
EzsLelMRt@ya.ru,READ,2024-09-29 03:43:56
IBaqfi@gmail.com,UPDATE,2024-09-29 17:03:48
IBaqfi@gmail.com,DELETE,2024-09-29 00:05:44
IBaqfi@gmail.com,DELETE,2024-09-29 23:23:14
NqGeNPnu@ya.ru,CREATE,2024-09-29 01:18:07
AVYls@mail.ru,DELETE,2024-09-29 08:53:14
EzsLelMRt@ya.ru,CREATE,2024-09-29 14:36:55
HdSDO@mail.ru,DELETE,2024-09-29 19:24:26
NqGeNPnu@ya.ru,READ,2024-09-29 03:09:51
LjfSiOYsuMMKv@gmail.com,DELETE,2024-09-29 05:33:32
LjfSiOYsuMMKv@gmail.com,CREATE,2024-09-29 06:08:55
xOdsRbq@mail.ru,READ,2024-09-29 23:50:54
xOdsRbq@mail.ru,CREATE,2024-09-29 01:11:58
gxTCOO@mail.ru,UPDATE,2024-09-29 03:46:57
EzsLelMRt@ya.ru,DELETE,2024-09-29 14:45:19
YnwhwJoP@gmail.com,CREATE,2024-09-29 11:03:06
LjfSiOYsuMMKv@gmail.com,READ,2024-09-29 22:14:37
AVYls@mail.ru,DELETE,2024-09-29 18:17:57
AVYls@mail.ru,CREATE,2024-09-29 14:44:58
xOdsRbq@mail.ru,DELETE,2024-09-29 22:16:19
xOdsRbq@mail.ru,UPDATE,2024-09-29 13:49:28
LjfSiOYsuMMKv@gmail.com,READ,2024-09-29 05:27:31
gxTCOO@mail.ru,READ,2024-09-29 23:32:52
gxTCOO@mail.ru,READ,2024-09-29 00:47:51
zwKVmp@ya.ru,CREATE,2024-09-29 15:12:07
YnwhwJoP@gmail.com,DELETE,2024-09-29 18:06:47
LjfSiOYsuMMKv@gmail.com,READ,2024-09-29 01:54:28
LjfSiOYsuMMKv@gmail.com,CREATE,2024-09-29 04:35:43
AVYls@mail.ru,DELETE,2024-09-29 16:02:52
zwKVmp@ya.ru,UPDATE,2024-09-29 18:03:56
IBaqfi@gmail.com,CREATE,2024-09-29 11:22:27
HdSDO@mail.ru,DELETE,2024-09-29 14:05:59
IBaqfi@gmail.com,DELETE,2024-09-29 12:44:08
IBaqfi@gmail.com,UPDATE,2024-09-29 07:53:18
IBaqfi@gmail.com,CREATE,2024-09-29 20:38:48
xOdsRbq@mail.ru,DELETE,2024-09-29 12:07:50
zwKVmp@ya.ru,UPDATE,2024-09-29 15:53:51
zwKVmp@ya.ru,READ,2024-09-29 03:20:17
EzsLelMRt@ya.ru,READ,2024-09-29 10:54:47
gxTCOO@mail.ru,UPDATE,2024-09-29 22:26:43
EzsLelMRt@ya.ru,DELETE,2024-09-29 06:16:47
NqGeNPnu@ya.ru,CREATE,2024-09-29 17:44:27
HdSDO@mail.ru,DELETE,2024-09-29 10:39:20
zwKVmp@ya.ru,DELETE,2024-09-29 14:22:47
AVYls@mail.ru,DELETE,2024-09-29 04:30:53
LjfSiOYsuMMKv@gmail.com,CREATE,2024-09-29 23:35:54
gxTCOO@mail.ru,CREATE,2024-09-29 18:50:38
EzsLelMRt@ya.ru,READ,2024-09-29 19:44:24
xOdsRbq@mail.ru,CREATE,2024-09-29 18:47:49
xOdsRbq@mail.ru,DELETE,2024-09-29 06:39:59
AVYls@mail.ru,CREATE,2024-09-29 10:27:06
YnwhwJoP@gmail.com,UPDATE,2024-09-29 06:01:51
YnwhwJoP@gmail.com,CREATE,2024-09-29 06:19:11
gxTCOO@mail.ru,READ,2024-09-29 08:54:46
zwKVmp@ya.ru,UPDATE,2024-09-29 09:49:42
EzsLelMRt@ya.ru,CREATE,2024-09-29 12:08:37
NqGeNPnu@ya.ru,CREATE,2024-09-29 08:47:50
AVYls@mail.ru,UPDATE,2024-09-29 01:24:45
NqGeNPnu@ya.ru,CREATE,2024-09-29 21:12:15
YnwhwJoP@gmail.com,DELETE,2024-09-29 12:14:28
LjfSiOYsuMMKv@gmail.com,UPDATE,2024-09-29 13:47:17
gxTCOO@mail.ru,READ,2024-09-29 15:40:01
xOdsRbq@mail.ru,DELETE,2024-09-29 22:42:28
IBaqfi@gmail.com,READ,2024-09-29 19:54:14
zwKVmp@ya.ru,READ,2024-09-29 02:42:52
HdSDO@mail.ru,DELETE,2024-09-29 21:27:23
zwKVmp@ya.ru,UPDATE,2024-09-29 14:54:39
AVYls@mail.ru,UPDATE,2024-09-29 02:37:44
gxTCOO@mail.ru,UPDATE,2024-09-29 00:22:50
zwKVmp@ya.ru,CREATE,2024-09-29 04:39:04
zwKVmp@ya.ru,UPDATE,2024-09-29 09:08:44
NqGeNPnu@ya.ru,READ,2024-09-29 14:30:33
LjfSiOYsuMMKv@gmail.com,UPDATE,2024-09-29 13:01:19
IBaqfi@gmail.com,DELETE,2024-09-29 21:08:40
xOdsRbq@mail.ru,UPDATE,2024-09-29 09:37:43
zwKVmp@ya.ru,READ,2024-09-29 13:39:25
IBaqfi@gmail.com,DELETE,2024-09-29 14:21:39
HdSDO@mail.ru,UPDATE,2024-09-29 16:50:13
NqGeNPnu@ya.ru,CREATE,2024-09-29 10:40:55
YnwhwJoP@gmail.com,DELETE,2024-09-29 07:53:19
AVYls@mail.ru,DELETE,2024-09-29 13:03:22
AVYls@mail.ru,READ,2024-09-29 03:06:05
YnwhwJoP@gmail.com,DELETE,2024-09-29 18:36:26
IBaqfi@gmail.com,CREATE,2024-09-29 03:15:24
gxTCOO@mail.ru,DELETE,2024-09-29 06:34:03
HdSDO@mail.ru,READ,2024-09-29 04:12:13
xOdsRbq@mail.ru,UPDATE,2024-09-29 03:03:39
IBaqfi@gmail.com,READ,2024-09-29 11:50:14
zwKVmp@ya.ru,READ,2024-09-29 20:38:17
HdSDO@mail.ru,READ,2024-09-29 18:48:50
HdSDO@mail.ru,UPDATE,2024-09-29 19:55:44
YnwhwJoP@gmail.com,UPDATE,2024-09-29 02:44:26
YnwhwJoP@gmail.com,UPDATE,2024-09-29 05:16:24
AVYls@mail.ru,UPDATE,2024-09-29 08:54:29
zwKVmp@ya.ru,READ,2024-09-29 16:47:59
NqGeNPnu@ya.ru,READ,2024-09-29 02:28:03
NqGeNPnu@ya.ru,CREATE,2024-09-29 21:44:52
xOdsRbq@mail.ru,READ,2024-09-29 13:02:53
zwKVmp@ya.ru,READ,2024-09-29 17:13:25
EzsLelMRt@ya.ru,READ,2024-09-29 06:56:25
zwKVmp@ya.ru,CREATE,2024-09-29 20:10:59
YnwhwJoP@gmail.com,UPDATE,2024-09-29 21:40:33
HdSDO@mail.ru,UPDATE,2024-09-29 11:47:35
xOdsRbq@mail.ru,READ,2024-09-29 02:50:07
IBaqfi@gmail.com,UPDATE,2024-09-29 18:33:51
xOdsRbq@mail.ru,READ,2024-09-29 06:18:26
xOdsRbq@mail.ru,DELETE,2024-09-29 19:01:06
gxTCOO@mail.ru,DELETE,2024-09-29 15:30:28
LjfSiOYsuMMKv@gmail.com,DELETE,2024-09-29 17:18:46
EzsLelMRt@ya.ru,DELETE,2024-09-29 23:08:51
NqGeNPnu@ya.ru,READ,2024-09-29 14:51:35
zwKVmp@ya.ru,UPDATE,2024-09-29 09:14:15
EzsLelMRt@ya.ru,DELETE,2024-09-29 07:01:03
LjfSiOYsuMMKv@gmail.com,DELETE,2024-09-29 06:13:55
gxTCOO@mail.ru,DELETE,2024-09-29 22:16:50
LjfSiOYsuMMKv@gmail.com,DELETE,2024-09-29 22:19:06
xOdsRbq@mail.ru,READ,2024-09-29 17:41:26
NqGeNPnu@ya.ru,CREATE,2024-09-29 02:25:13
zwKVmp@ya.ru,UPDATE,2024-09-29 13:56:12
zwKVmp@ya.ru,DELETE,2024-09-29 18:47:31
xOdsRbq@mail.ru,DELETE,2024-09-29 14:24:16
xOdsRbq@mail.ru,READ,2024-09-29 20:58:09
AVYls@mail.ru,UPDATE,2024-09-29 18:33:33
IBaqfi@gmail.com,DELETE,2024-09-29 01:55:57
HdSDO@mail.ru,UPDATE,2024-09-29 04:15:21
xOdsRbq@mail.ru,READ,2024-09-29 08:56:24
HdSDO@mail.ru,DELETE,2024-09-29 23:56:38
xOdsRbq@mail.ru,CREATE,2024-09-29 02:29:30
xOdsRbq@mail.ru,READ,2024-09-29 15:41:42
AVYls@mail.ru,READ,2024-09-29 01:31:09
YnwhwJoP@gmail.com,READ,2024-09-29 11:16:33
AVYls@mail.ru,READ,2024-09-29 04:43:33
gxTCOO@mail.ru,READ,2024-09-29 15:15:35
NqGeNPnu@ya.ru,READ,2024-09-29 18:41:10
HdSDO@mail.ru,READ,2024-09-29 03:26:49
NqGeNPnu@ya.ru,CREATE,2024-09-29 13:25:50
gxTCOO@mail.ru,CREATE,2024-09-29 23:14:02
IBaqfi@gmail.com,UPDATE,2024-09-29 15:49:36
gxTCOO@mail.ru,UPDATE,2024-09-29 07:51:40
gxTCOO@mail.ru,CREATE,2024-09-29 23:02:24
xOdsRbq@mail.ru,UPDATE,2024-09-29 05:27:42
IBaqfi@gmail.com,CREATE,2024-09-29 01:18:47
AVYls@mail.ru,READ,2024-09-29 05:08:40
HdSDO@mail.ru,DELETE,2024-09-29 15:00:16
AVYls@mail.ru,DELETE,2024-09-29 17:41:19
NqGeNPnu@ya.ru,READ,2024-09-29 17:29:32
gxTCOO@mail.ru,CREATE,2024-09-29 13:33:21
gxTCOO@mail.ru,CREATE,2024-09-29 19:24:57
YnwhwJoP@gmail.com,UPDATE,2024-09-29 05:12:21
LjfSiOYsuMMKv@gmail.com,UPDATE,2024-09-29 10:45:14
IBaqfi@gmail.com,READ,2024-09-29 20:17:07
IBaqfi@gmail.com,READ,2024-09-29 05:41:50
xOdsRbq@mail.ru,READ,2024-09-29 15:45:50
HdSDO@mail.ru,DELETE,2024-09-29 21:07:06
zwKVmp@ya.ru,READ,2024-09-29 03:40:47
IBaqfi@gmail.com,DELETE,2024-09-29 19:11:46
zwKVmp@ya.ru,UPDATE,2024-09-29 05:19:27
xOdsRbq@mail.ru,DELETE,2024-09-29 13:53:22
gxTCOO@mail.ru,UPDATE,2024-09-29 20:50:18
HdSDO@mail.ru,UPDATE,2024-09-29 03:34:13
xOdsRbq@mail.ru,UPDATE,2024-09-29 04:45:53
YnwhwJoP@gmail.com,READ,2024-09-29 13:39:35
xOdsRbq@mail.ru,DELETE,2024-09-29 17:30:43
LjfSiOYsuMMKv@gmail.com,READ,2024-09-29 14:00:37
IBaqfi@gmail.com,READ,2024-09-29 14:40:38
NqGeNPnu@ya.ru,CREATE,2024-09-29 01:02:19
gxTCOO@mail.ru,DELETE,2024-09-29 08:34:59
NqGeNPnu@ya.ru,READ,2024-09-29 21:36:12
NqGeNPnu@ya.ru,DELETE,2024-09-29 07:22:25
LjfSiOYsuMMKv@gmail.com,READ,2024-09-29 19:20:57
YnwhwJoP@gmail.com,UPDATE,2024-09-29 06:11:10
AVYls@mail.ru,DELETE,2024-09-29 13:02:25
IBaqfi@gmail.com,CREATE,2024-09-29 08:31:58
LjfSiOYsuMMKv@gmail.com,READ,2024-09-29 11:16:36
gxTCOO@mail.ru,READ,2024-09-29 15:49:43
AVYls@mail.ru,DELETE,2024-09-29 03:57:32
NqGeNPnu@ya.ru,CREATE,2024-09-29 23:18:37
IBaqfi@gmail.com,READ,2024-09-29 22:06:46
HdSDO@mail.ru,CREATE,2024-09-29 04:39:44
IBaqfi@gmail.com,DELETE,2024-09-29 12:14:01
gxTCOO@mail.ru,CREATE,2024-09-29 22:04:24
EzsLelMRt@ya.ru,DELETE,2024-09-29 17:18:09
NqGeNPnu@ya.ru,DELETE,2024-09-29 03:42:22
AVYls@mail.ru,DELETE,2024-09-29 07:59:36
YnwhwJoP@gmail.com,DELETE,2024-09-29 14:02:34
zwKVmp@ya.ru,CREATE,2024-09-29 15:08:09
xOdsRbq@mail.ru,DELETE,2024-09-29 22:33:27
YnwhwJoP@gmail.com,UPDATE,2024-09-29 21:48:35
xOdsRbq@mail.ru,UPDATE,2024-09-29 13:30:52
NqGeNPnu@ya.ru,CREATE,2024-09-29 00:43:37
gxTCOO@mail.ru,CREATE,2024-09-29 11:12:50
AVYls@mail.ru,DELETE,2024-09-29 03:39:26
HdSDO@mail.ru,DELETE,2024-09-29 17:04:52
NqGeNPnu@ya.ru,READ,2024-09-29 06:32:36
NqGeNPnu@ya.ru,DELETE,2024-09-29 19:13:43
AVYls@mail.ru,READ,2024-09-29 06:41:25
HdSDO@mail.ru,CREATE,2024-09-29 18:52:30
gxTCOO@mail.ru,UPDATE,2024-09-29 04:29:00
gxTCOO@mail.ru,READ,2024-09-29 11:36:46
EzsLelMRt@ya.ru,UPDATE,2024-09-29 20:12:14
IBaqfi@gmail.com,READ,2024-09-29 00:29:31
NqGeNPnu@ya.ru,UPDATE,2024-09-29 03:11:05
HdSDO@mail.ru,UPDATE,2024-09-29 22:03:00
xOdsRbq@mail.ru,UPDATE,2024-09-29 22:43:26
xOdsRbq@mail.ru,UPDATE,2024-09-29 20:37:19
YnwhwJoP@gmail.com,READ,2024-09-29 18:23:49
HdSDO@mail.ru,READ,2024-09-29 19:07:47
xOdsRbq@mail.ru,CREATE,2024-09-29 10:09:19
gxTCOO@mail.ru,READ,2024-09-29 09:01:57
gxTCOO@mail.ru,CREATE,2024-09-29 07:44:21
YnwhwJoP@gmail.com,READ,2024-09-29 03:54:21
zwKVmp@ya.ru,READ,2024-09-29 20:05:59
IBaqfi@gmail.com,READ,2024-09-29 23:36:27
gxTCOO@mail.ru,READ,2024-09-29 11:19:36
zwKVmp@ya.ru,READ,2024-09-29 06:11:27
IBaqfi@gmail.com,DELETE,2024-09-29 22:11:15
YnwhwJoP@gmail.com,READ,2024-09-29 22:14:34
YnwhwJoP@gmail.com,UPDATE,2024-09-29 17:06:42
EzsLelMRt@ya.ru,READ,2024-09-29 23:07:58
zwKVmp@ya.ru,UPDATE,2024-09-29 04:08:43
EzsLelMRt@ya.ru,UPDATE,2024-09-29 08:53:37
YnwhwJoP@gmail.com,CREATE,2024-09-29 17:17:40
EzsLelMRt@ya.ru,CREATE,2024-09-29 22:29:32
AVYls@mail.ru,CREATE,2024-09-29 06:02:31
zwKVmp@ya.ru,READ,2024-09-29 13:58:13
AVYls@mail.ru,DELETE,2024-09-29 07:40:31
zwKVmp@ya.ru,DELETE,2024-09-29 09:43:23
zwKVmp@ya.ru,DELETE,2024-09-29 20:04:00
NqGeNPnu@ya.ru,UPDATE,2024-09-29 23:01:42
LjfSiOYsuMMKv@gmail.com,UPDATE,2024-09-29 22:04:39
IBaqfi@gmail.com,CREATE,2024-09-29 15:48:32
gxTCOO@mail.ru,DELETE,2024-09-29 05:30:15
xOdsRbq@mail.ru,DELETE,2024-09-29 16:44:26
gxTCOO@mail.ru,READ,2024-09-29 01:02:37
YnwhwJoP@gmail.com,CREATE,2024-09-29 03:08:03
IBaqfi@gmail.com,CREATE,2024-09-29 13:57:56
YnwhwJoP@gmail.com,DELETE,2024-09-29 22:27:07
NqGeNPnu@ya.ru,READ,2024-09-29 09:50:08
AVYls@mail.ru,DELETE,2024-09-29 15:27:57
IBaqfi@gmail.com,DELETE,2024-09-29 00:02:56
NqGeNPnu@ya.ru,CREATE,2024-09-29 06:46:18
HdSDO@mail.ru,CREATE,2024-09-29 09:13:12
HdSDO@mail.ru,CREATE,2024-09-29 15:48:10
EzsLelMRt@ya.ru,CREATE,2024-09-29 07:25:13
HdSDO@mail.ru,UPDATE,2024-09-29 05:18:19
EzsLelMRt@ya.ru,DELETE,2024-09-29 21:56:33
xOdsRbq@mail.ru,READ,2024-09-29 15:32:44
YnwhwJoP@gmail.com,READ,2024-09-29 07:04:30
AVYls@mail.ru,CREATE,2024-09-29 12:26:56
HdSDO@mail.ru,DELETE,2024-09-29 19:27:19
HdSDO@mail.ru,CREATE,2024-09-29 11:39:57
AVYls@mail.ru,READ,2024-09-29 15:49:04
NqGeNPnu@ya.ru,CREATE,2024-09-29 17:31:25
NqGeNPnu@ya.ru,CREATE,2024-09-29 15:14:01
AVYls@mail.ru,CREATE,2024-09-29 22:28:58
IBaqfi@gmail.com,UPDATE,2024-09-29 10:44:34
gxTCOO@mail.ru,DELETE,2024-09-29 18:07:21
gxTCOO@mail.ru,UPDATE,2024-09-29 04:00:50
AVYls@mail.ru,CREATE,2024-09-29 12:36:52
gxTCOO@mail.ru,READ,2024-09-29 22:16:26
HdSDO@mail.ru,DELETE,2024-09-29 16:18:10
HdSDO@mail.ru,DELETE,2024-09-29 07:19:20
NqGeNPnu@ya.ru,UPDATE,2024-09-29 16:07:52
gxTCOO@mail.ru,DELETE,2024-09-29 01:26:00
NqGeNPnu@ya.ru,READ,2024-09-29 08:27:51
YnwhwJoP@gmail.com,CREATE,2024-09-29 02:44:50
HdSDO@mail.ru,UPDATE,2024-09-29 02:53:42
YnwhwJoP@gmail.com,READ,2024-09-29 23:16:35
NqGeNPnu@ya.ru,CREATE,2024-09-29 16:34:17
gxTCOO@mail.ru,CREATE,2024-09-29 06:49:38
HdSDO@mail.ru,READ,2024-09-29 16:42:36
xOdsRbq@mail.ru,UPDATE,2024-09-29 09:43:12
AVYls@mail.ru,CREATE,2024-09-29 14:56:28
EzsLelMRt@ya.ru,CREATE,2024-09-29 01:34:51
EzsLelMRt@ya.ru,UPDATE,2024-09-29 16:56:24
HdSDO@mail.ru,READ,2024-09-29 15:28:10
YnwhwJoP@gmail.com,UPDATE,2024-09-29 21:24:53
gxTCOO@mail.ru,READ,2024-09-29 19:35:24
YnwhwJoP@gmail.com,CREATE,2024-09-29 19:24:34
YnwhwJoP@gmail.com,READ,2024-09-29 15:35:22
HdSDO@mail.ru,READ,2024-09-29 02:24:59
YnwhwJoP@gmail.com,CREATE,2024-09-29 23:37:39
zwKVmp@ya.ru,READ,2024-09-29 12:18:44
LjfSiOYsuMMKv@gmail.com,READ,2024-09-29 02:19:16
NqGeNPnu@ya.ru,READ,2024-09-29 02:17:13
EzsLelMRt@ya.ru,CREATE,2024-09-29 05:32:20
NqGeNPnu@ya.ru,READ,2024-09-29 23:42:39
NqGeNPnu@ya.ru,CREATE,2024-09-29 10:55:32
AVYls@mail.ru,UPDATE,2024-09-29 06:27:08
HdSDO@mail.ru,UPDATE,2024-09-29 04:20:27
zwKVmp@ya.ru,READ,2024-09-29 07:09:37
AVYls@mail.ru,CREATE,2024-09-29 20:53:34
zwKVmp@ya.ru,DELETE,2024-09-29 02:13:12
AVYls@mail.ru,UPDATE,2024-09-29 03:24:34
xOdsRbq@mail.ru,READ,2024-09-29 14:46:39
LjfSiOYsuMMKv@gmail.com,UPDATE,2024-09-29 15:17:55
zwKVmp@ya.ru,DELETE,2024-09-29 09:02:23
xOdsRbq@mail.ru,READ,2024-09-29 11:45:18
xOdsRbq@mail.ru,UPDATE,2024-09-29 03:51:49
zwKVmp@ya.ru,READ,2024-09-29 01:27:52
zwKVmp@ya.ru,DELETE,2024-09-29 22:55:18
xOdsRbq@mail.ru,CREATE,2024-09-29 12:55:03
HdSDO@mail.ru,DELETE,2024-09-29 10:47:14
EzsLelMRt@ya.ru,READ,2024-09-29 07:13:04
AVYls@mail.ru,READ,2024-09-29 12:29:56
NqGeNPnu@ya.ru,DELETE,2024-09-29 03:40:12
xOdsRbq@mail.ru,DELETE,2024-09-29 03:14:29
zwKVmp@ya.ru,CREATE,2024-09-29 09:08:41
IBaqfi@gmail.com,READ,2024-09-29 10:23:42
EzsLelMRt@ya.ru,READ,2024-09-29 10:49:10
AVYls@mail.ru,DELETE,2024-09-29 00:49:02
LjfSiOYsuMMKv@gmail.com,CREATE,2024-09-29 12:04:21
AVYls@mail.ru,UPDATE,2024-09-29 01:45:27
LjfSiOYsuMMKv@gmail.com,CREATE,2024-09-29 22:05:31
HdSDO@mail.ru,UPDATE,2024-09-29 05:19:42
NqGeNPnu@ya.ru,CREATE,2024-09-29 10:04:45
IBaqfi@gmail.com,CREATE,2024-09-29 19:45:37
HdSDO@mail.ru,READ,2024-09-29 22:11:43
HdSDO@mail.ru,CREATE,2024-09-29 23:22:04
IBaqfi@gmail.com,UPDATE,2024-09-29 11:35:06
YnwhwJoP@gmail.com,READ,2024-09-29 04:27:14
IBaqfi@gmail.com,CREATE,2024-09-29 19:46:39
AVYls@mail.ru,READ,2024-09-29 08:14:34
EzsLelMRt@ya.ru,CREATE,2024-09-29 01:37:07
gxTCOO@mail.ru,CREATE,2024-09-29 07:31:47
xOdsRbq@mail.ru,DELETE,2024-09-29 17:06:32
EzsLelMRt@ya.ru,READ,2024-09-29 09:35:28
IBaqfi@gmail.com,UPDATE,2024-09-29 20:06:51
LjfSiOYsuMMKv@gmail.com,READ,2024-09-29 12:22:08
AVYls@mail.ru,UPDATE,2024-09-29 06:59:42
EzsLelMRt@ya.ru,UPDATE,2024-09-29 16:14:10
zwKVmp@ya.ru,READ,2024-09-29 06:33:24
xOdsRbq@mail.ru,CREATE,2024-09-29 13:34:49
AVYls@mail.ru,CREATE,2024-09-29 15:01:37
xOdsRbq@mail.ru,CREATE,2024-09-29 00:07:46
zwKVmp@ya.ru,READ,2024-09-29 12:09:46
zwKVmp@ya.ru,DELETE,2024-09-29 17:06:33
xOdsRbq@mail.ru,UPDATE,2024-09-29 22:14:13
xOdsRbq@mail.ru,UPDATE,2024-09-29 04:26:31
HdSDO@mail.ru,UPDATE,2024-09-29 04:09:05
xOdsRbq@mail.ru,DELETE,2024-09-29 03:47:22
YnwhwJoP@gmail.com,CREATE,2024-09-29 04:30:20
HdSDO@mail.ru,DELETE,2024-09-29 12:14:19
IBaqfi@gmail.com,DELETE,2024-09-29 06:25:43
NqGeNPnu@ya.ru,CREATE,2024-09-29 22:54:49
HdSDO@mail.ru,READ,2024-09-29 08:41:55
gxTCOO@mail.ru,CREATE,2024-09-29 23:35:01
YnwhwJoP@gmail.com,DELETE,2024-09-29 02:16:20
NqGeNPnu@ya.ru,CREATE,2024-09-29 04:07:57
AVYls@mail.ru,READ,2024-09-29 15:11:41
zwKVmp@ya.ru,CREATE,2024-09-29 02:25:41
LjfSiOYsuMMKv@gmail.com,READ,2024-09-29 09:34:25
LjfSiOYsuMMKv@gmail.com,DELETE,2024-09-29 00:38:50
IBaqfi@gmail.com,CREATE,2024-09-29 11:12:47
EzsLelMRt@ya.ru,DELETE,2024-09-29 08:00:29
gxTCOO@mail.ru,DELETE,2024-09-29 21:43:54
AVYls@mail.ru,CREATE,2024-09-29 04:57:36
AVYls@mail.ru,READ,2024-09-29 07:57:55
NqGeNPnu@ya.ru,CREATE,2024-09-29 01:12:36
IBaqfi@gmail.com,UPDATE,2024-09-29 12:37:24
AVYls@mail.ru,CREATE,2024-09-29 23:05:13
xOdsRbq@mail.ru,DELETE,2024-09-29 00:38:08
AVYls@mail.ru,DELETE,2024-09-29 08:05:28
EzsLelMRt@ya.ru,READ,2024-09-29 10:10:45
HdSDO@mail.ru,UPDATE,2024-09-29 16:46:11
NqGeNPnu@ya.ru,UPDATE,2024-09-29 13:28:03
xOdsRbq@mail.ru,CREATE,2024-09-29 09:20:59
zwKVmp@ya.ru,CREATE,2024-09-29 07:51:29
xOdsRbq@mail.ru,UPDATE,2024-09-29 11:31:43
IBaqfi@gmail.com,READ,2024-09-29 09:01:03
LjfSiOYsuMMKv@gmail.com,UPDATE,2024-09-29 01:54:00
EzsLelMRt@ya.ru,READ,2024-09-29 20:52:38
zwKVmp@ya.ru,CREATE,2024-09-29 22:03:57
gxTCOO@mail.ru,READ,2024-09-29 02:46:36
YnwhwJoP@gmail.com,CREATE,2024-09-29 01:51:28
zwKVmp@ya.ru,UPDATE,2024-09-29 01:50:22
IBaqfi@gmail.com,UPDATE,2024-09-29 14:53:26
NqGeNPnu@ya.ru,DELETE,2024-09-29 08:28:29
YnwhwJoP@gmail.com,READ,2024-09-29 12:51:20
xOdsRbq@mail.ru,DELETE,2024-09-29 20:34:33
EzsLelMRt@ya.ru,UPDATE,2024-09-29 06:36:46
IBaqfi@gmail.com,CREATE,2024-09-29 08:11:26
zwKVmp@ya.ru,DELETE,2024-09-29 02:18:25
AVYls@mail.ru,READ,2024-09-29 12:27:34
xOdsRbq@mail.ru,UPDATE,2024-09-29 09:05:50
gxTCOO@mail.ru,READ,2024-09-29 18:44:18
EzsLelMRt@ya.ru,DELETE,2024-09-29 02:23:40
LjfSiOYsuMMKv@gmail.com,UPDATE,2024-09-29 05:43:38
EzsLelMRt@ya.ru,DELETE,2024-09-29 12:50:07
EzsLelMRt@ya.ru,DELETE,2024-09-29 10:48:31
xOdsRbq@mail.ru,UPDATE,2024-09-29 18:59:22
xOdsRbq@mail.ru,UPDATE,2024-09-29 17:25:00
LjfSiOYsuMMKv@gmail.com,DELETE,2024-09-29 23:19:04
IBaqfi@gmail.com,CREATE,2024-09-29 02:41:43
HdSDO@mail.ru,DELETE,2024-09-29 15:34:21
gxTCOO@mail.ru,UPDATE,2024-09-29 03:54:27
LjfSiOYsuMMKv@gmail.com,READ,2024-09-29 02:00:09
EzsLelMRt@ya.ru,UPDATE,2024-09-29 12:10:16
NqGeNPnu@ya.ru,CREATE,2024-09-29 15:14:56
xOdsRbq@mail.ru,UPDATE,2024-09-29 19:08:52
NqGeNPnu@ya.ru,CREATE,2024-09-29 11:46:50
LjfSiOYsuMMKv@gmail.com,UPDATE,2024-09-29 18:48:27
xOdsRbq@mail.ru,CREATE,2024-09-29 18:34:07
xOdsRbq@mail.ru,DELETE,2024-09-29 05:34:30
xOdsRbq@mail.ru,UPDATE,2024-09-29 08:54:25
gxTCOO@mail.ru,UPDATE,2024-09-29 09:43:15
gxTCOO@mail.ru,CREATE,2024-09-29 20:38:52
YnwhwJoP@gmail.com,DELETE,2024-09-29 23:53:46
gxTCOO@mail.ru,CREATE,2024-09-29 00:35:08
AVYls@mail.ru,UPDATE,2024-09-29 03:39:10
LjfSiOYsuMMKv@gmail.com,READ,2024-09-29 10:33:07
LjfSiOYsuMMKv@gmail.com,UPDATE,2024-09-29 15:39:59
IBaqfi@gmail.com,CREATE,2024-09-29 05:47:42
AVYls@mail.ru,READ,2024-09-29 07:40:27
LjfSiOYsuMMKv@gmail.com,DELETE,2024-09-29 03:35:05
IBaqfi@gmail.com,UPDATE,2024-09-29 20:25:34
LjfSiOYsuMMKv@gmail.com,CREATE,2024-09-29 14:39:17
IBaqfi@gmail.com,UPDATE,2024-09-29 15:47:39
NqGeNPnu@ya.ru,CREATE,2024-09-29 10:08:23
IBaqfi@gmail.com,DELETE,2024-09-29 06:27:10
NqGeNPnu@ya.ru,CREATE,2024-09-29 06:40:31
NqGeNPnu@ya.ru,UPDATE,2024-09-29 04:26:40
NqGeNPnu@ya.ru,UPDATE,2024-09-29 18:32:02
IBaqfi@gmail.com,DELETE,2024-09-29 23:19:26
IBaqfi@gmail.com,READ,2024-09-29 04:26:23
YnwhwJoP@gmail.com,UPDATE,2024-09-29 08:25:23
HdSDO@mail.ru,UPDATE,2024-09-29 04:32:41
xOdsRbq@mail.ru,CREATE,2024-09-29 03:50:00
xOdsRbq@mail.ru,DELETE,2024-09-29 07:29:45
zwKVmp@ya.ru,READ,2024-09-29 13:24:05
zwKVmp@ya.ru,UPDATE,2024-09-29 01:26:52
HdSDO@mail.ru,DELETE,2024-09-29 17:06:53
xOdsRbq@mail.ru,DELETE,2024-09-29 08:01:36
AVYls@mail.ru,READ,2024-09-29 19:24:36
NqGeNPnu@ya.ru,CREATE,2024-09-29 17:28:58
LjfSiOYsuMMKv@gmail.com,UPDATE,2024-09-29 00:48:12
EzsLelMRt@ya.ru,READ,2024-09-29 06:54:12
xOdsRbq@mail.ru,UPDATE,2024-09-29 14:33:45
AVYls@mail.ru,CREATE,2024-09-29 03:16:10
IBaqfi@gmail.com,UPDATE,2024-09-29 17:06:53
AVYls@mail.ru,READ,2024-09-29 09:51:26
IBaqfi@gmail.com,UPDATE,2024-09-29 04:59:20
IBaqfi@gmail.com,CREATE,2024-09-29 00:56:19
IBaqfi@gmail.com,READ,2024-09-29 19:58:19
gxTCOO@mail.ru,READ,2024-09-29 13:05:06
AVYls@mail.ru,DELETE,2024-09-29 20:47:19
EzsLelMRt@ya.ru,CREATE,2024-09-29 05:50:10
zwKVmp@ya.ru,CREATE,2024-09-29 12:30:51
xOdsRbq@mail.ru,DELETE,2024-09-29 10:53:37
gxTCOO@mail.ru,READ,2024-09-29 19:08:41
AVYls@mail.ru,DELETE,2024-09-29 22:34:23
HdSDO@mail.ru,UPDATE,2024-09-29 19:28:54
HdSDO@mail.ru,CREATE,2024-09-29 15:07:27
LjfSiOYsuMMKv@gmail.com,UPDATE,2024-09-29 22:43:27
LjfSiOYsuMMKv@gmail.com,DELETE,2024-09-29 07:28:53
gxTCOO@mail.ru,UPDATE,2024-09-29 00:29:53
gxTCOO@mail.ru,READ,2024-09-29 08:54:23
YnwhwJoP@gmail.com,UPDATE,2024-09-29 09:59:29
YnwhwJoP@gmail.com,READ,2024-09-29 23:21:22
AVYls@mail.ru,UPDATE,2024-09-29 08:54:11
YnwhwJoP@gmail.com,UPDATE,2024-09-29 11:57:04
xOdsRbq@mail.ru,UPDATE,2024-09-29 01:04:57
IBaqfi@gmail.com,DELETE,2024-09-29 10:43:54
xOdsRbq@mail.ru,READ,2024-09-29 02:37:31
HdSDO@mail.ru,CREATE,2024-09-29 00:13:34
AVYls@mail.ru,UPDATE,2024-09-29 18:29:33
zwKVmp@ya.ru,UPDATE,2024-09-29 05:06:45
zwKVmp@ya.ru,DELETE,2024-09-29 06:24:51
HdSDO@mail.ru,DELETE,2024-09-29 13:00:53
HdSDO@mail.ru,UPDATE,2024-09-29 03:17:52
EzsLelMRt@ya.ru,CREATE,2024-09-29 00:51:57
NqGeNPnu@ya.ru,UPDATE,2024-09-29 05:08:51
LjfSiOYsuMMKv@gmail.com,CREATE,2024-09-29 17:25:42
LjfSiOYsuMMKv@gmail.com,CREATE,2024-09-29 20:55:37
xOdsRbq@mail.ru,CREATE,2024-09-29 23:35:03
LjfSiOYsuMMKv@gmail.com,CREATE,2024-09-29 21:08:43
NqGeNPnu@ya.ru,READ,2024-09-29 11:45:44
xOdsRbq@mail.ru,UPDATE,2024-09-29 16:44:14
LjfSiOYsuMMKv@gmail.com,CREATE,2024-09-29 20:06:49
zwKVmp@ya.ru,CREATE,2024-09-29 04:42:29
NqGeNPnu@ya.ru,DELETE,2024-09-29 19:06:42
LjfSiOYsuMMKv@gmail.com,READ,2024-09-29 02:39:05
IBaqfi@gmail.com,DELETE,2024-09-29 20:43:25
zwKVmp@ya.ru,DELETE,2024-09-29 16:05:48
EzsLelMRt@ya.ru,READ,2024-09-29 06:20:36
xOdsRbq@mail.ru,CREATE,2024-09-29 18:28:44
IBaqfi@gmail.com,DELETE,2024-09-29 22:47:59
gxTCOO@mail.ru,READ,2024-09-29 02:12:55
EzsLelMRt@ya.ru,UPDATE,2024-09-29 09:32:14
LjfSiOYsuMMKv@gmail.com,READ,2024-09-29 13:46:53
zwKVmp@ya.ru,UPDATE,2024-09-29 03:15:39
IBaqfi@gmail.com,UPDATE,2024-09-29 09:09:27
zwKVmp@ya.ru,DELETE,2024-09-29 04:36:59
YnwhwJoP@gmail.com,CREATE,2024-09-29 00:39:42
gxTCOO@mail.ru,READ,2024-09-29 13:19:54
HdSDO@mail.ru,CREATE,2024-09-29 18:45:50
gxTCOO@mail.ru,DELETE,2024-09-29 22:53:11
NqGeNPnu@ya.ru,READ,2024-09-29 05:57:28
xOdsRbq@mail.ru,CREATE,2024-09-29 20:10:31
IBaqfi@gmail.com,CREATE,2024-09-29 07:13:03
xOdsRbq@mail.ru,READ,2024-09-29 00:59:53
NqGeNPnu@ya.ru,CREATE,2024-09-29 21:36:59
AVYls@mail.ru,UPDATE,2024-09-29 13:53:05
EzsLelMRt@ya.ru,READ,2024-09-29 22:24:12
IBaqfi@gmail.com,DELETE,2024-09-29 17:34:16
AVYls@mail.ru,UPDATE,2024-09-29 18:26:38
zwKVmp@ya.ru,DELETE,2024-09-29 10:01:09
LjfSiOYsuMMKv@gmail.com,DELETE,2024-09-29 10:47:19
gxTCOO@mail.ru,READ,2024-09-29 12:17:15
HdSDO@mail.ru,UPDATE,2024-09-29 05:17:52
xOdsRbq@mail.ru,READ,2024-09-29 01:38:51
LjfSiOYsuMMKv@gmail.com,CREATE,2024-09-29 20:18:52
gxTCOO@mail.ru,READ,2024-09-29 15:14:17
LjfSiOYsuMMKv@gmail.com,UPDATE,2024-09-29 18:17:21
NqGeNPnu@ya.ru,READ,2024-09-29 17:14:50
zwKVmp@ya.ru,READ,2024-09-29 10:23:22
NqGeNPnu@ya.ru,CREATE,2024-09-29 07:04:57
gxTCOO@mail.ru,UPDATE,2024-09-29 09:23:50
gxTCOO@mail.ru,READ,2024-09-29 11:24:24
gxTCOO@mail.ru,READ,2024-09-29 21:58:25
zwKVmp@ya.ru,DELETE,2024-09-29 03:11:07
YnwhwJoP@gmail.com,CREATE,2024-09-29 14:27:12
EzsLelMRt@ya.ru,UPDATE,2024-09-29 14:48:19
zwKVmp@ya.ru,READ,2024-09-29 12:01:05
IBaqfi@gmail.com,CREATE,2024-09-29 01:04:10
NqGeNPnu@ya.ru,DELETE,2024-09-29 06:14:21
NqGeNPnu@ya.ru,UPDATE,2024-09-29 13:20:53
YnwhwJoP@gmail.com,DELETE,2024-09-29 18:26:10
HdSDO@mail.ru,DELETE,2024-09-29 11:14:44
HdSDO@mail.ru,DELETE,2024-09-29 21:09:17
IBaqfi@gmail.com,READ,2024-09-29 04:43:59
gxTCOO@mail.ru,DELETE,2024-09-29 16:01:04
zwKVmp@ya.ru,UPDATE,2024-09-29 09:49:16
AVYls@mail.ru,READ,2024-09-29 14:49:32
zwKVmp@ya.ru,CREATE,2024-09-29 08:19:15
zwKVmp@ya.ru,DELETE,2024-09-29 10:53:33
LjfSiOYsuMMKv@gmail.com,DELETE,2024-09-29 02:58:00
IBaqfi@gmail.com,DELETE,2024-09-29 10:44:09
xOdsRbq@mail.ru,CREATE,2024-09-29 13:57:30
IBaqfi@gmail.com,CREATE,2024-09-29 23:26:32
LjfSiOYsuMMKv@gmail.com,UPDATE,2024-09-29 06:10:09
gxTCOO@mail.ru,DELETE,2024-09-29 23:54:02
HdSDO@mail.ru,READ,2024-09-29 15:22:00
HdSDO@mail.ru,READ,2024-09-29 18:19:03
LjfSiOYsuMMKv@gmail.com,CREATE,2024-09-29 16:01:18
AVYls@mail.ru,CREATE,2024-09-29 13:00:49
IBaqfi@gmail.com,CREATE,2024-09-29 06:16:50
YnwhwJoP@gmail.com,UPDATE,2024-09-29 05:43:56
YnwhwJoP@gmail.com,DELETE,2024-09-29 22:43:02
zwKVmp@ya.ru,DELETE,2024-09-29 05:19:37
LjfSiOYsuMMKv@gmail.com,CREATE,2024-09-29 01:00:23
xOdsRbq@mail.ru,DELETE,2024-09-29 02:07:07
gxTCOO@mail.ru,READ,2024-09-29 08:04:10
AVYls@mail.ru,READ,2024-09-29 12:44:00
IBaqfi@gmail.com,READ,2024-09-29 17:24:16
xOdsRbq@mail.ru,CREATE,2024-09-29 17:38:06
xOdsRbq@mail.ru,DELETE,2024-09-29 16:20:32
IBaqfi@gmail.com,CREATE,2024-09-29 21:15:39
IBaqfi@gmail.com,UPDATE,2024-09-29 09:11:45
xOdsRbq@mail.ru,UPDATE,2024-09-29 09:54:02
NqGeNPnu@ya.ru,UPDATE,2024-09-29 16:19:46
zwKVmp@ya.ru,UPDATE,2024-09-29 19:59:02
AVYls@mail.ru,READ,2024-09-29 07:54:29
HdSDO@mail.ru,CREATE,2024-09-29 21:36:52
HdSDO@mail.ru,READ,2024-09-29 18:52:59
NqGeNPnu@ya.ru,DELETE,2024-09-29 22:09:49
YnwhwJoP@gmail.com,DELETE,2024-09-29 08:07:45
AVYls@mail.ru,DELETE,2024-09-29 23:29:57
gxTCOO@mail.ru,DELETE,2024-09-29 01:14:18
AVYls@mail.ru,UPDATE,2024-09-29 02:20:51
IBaqfi@gmail.com,READ,2024-09-29 08:28:30
IBaqfi@gmail.com,UPDATE,2024-09-29 03:39:49
xOdsRbq@mail.ru,READ,2024-09-29 18:06:09
gxTCOO@mail.ru,DELETE,2024-09-29 23:24:32
gxTCOO@mail.ru,UPDATE,2024-09-29 22:40:33
NqGeNPnu@ya.ru,UPDATE,2024-09-29 22:43:12
gxTCOO@mail.ru,CREATE,2024-09-29 19:12:56
gxTCOO@mail.ru,READ,2024-09-29 21:09:32
NqGeNPnu@ya.ru,UPDATE,2024-09-29 19:45:00
zwKVmp@ya.ru,CREATE,2024-09-29 11:56:40
HdSDO@mail.ru,READ,2024-09-29 03:58:03
EzsLelMRt@ya.ru,CREATE,2024-09-29 20:34:49
NqGeNPnu@ya.ru,CREATE,2024-09-29 03:15:21
NqGeNPnu@ya.ru,UPDATE,2024-09-29 23:04:58
AVYls@mail.ru,CREATE,2024-09-29 07:38:06
YnwhwJoP@gmail.com,UPDATE,2024-09-29 13:16:53
NqGeNPnu@ya.ru,UPDATE,2024-09-29 08:30:52
zwKVmp@ya.ru,READ,2024-09-29 17:32:45
AVYls@mail.ru,DELETE,2024-09-29 21:43:02
zwKVmp@ya.ru,CREATE,2024-09-29 15:55:04
AVYls@mail.ru,UPDATE,2024-09-29 03:28:54
EzsLelMRt@ya.ru,READ,2024-09-29 07:14:45
LjfSiOYsuMMKv@gmail.com,READ,2024-09-29 17:20:59
IBaqfi@gmail.com,UPDATE,2024-09-29 13:25:55
zwKVmp@ya.ru,CREATE,2024-09-29 03:54:32
zwKVmp@ya.ru,UPDATE,2024-09-29 18:10:18
YnwhwJoP@gmail.com,UPDATE,2024-09-29 03:00:32
HdSDO@mail.ru,CREATE,2024-09-29 16:46:11
LjfSiOYsuMMKv@gmail.com,UPDATE,2024-09-29 20:18:06
YnwhwJoP@gmail.com,UPDATE,2024-09-29 01:00:24
YnwhwJoP@gmail.com,READ,2024-09-29 16:20:36
IBaqfi@gmail.com,UPDATE,2024-09-29 06:24:20
LjfSiOYsuMMKv@gmail.com,UPDATE,2024-09-29 09:26:06
LjfSiOYsuMMKv@gmail.com,CREATE,2024-09-29 19:11:01
AVYls@mail.ru,READ,2024-09-29 23:06:26
AVYls@mail.ru,READ,2024-09-29 16:50:19
AVYls@mail.ru,UPDATE,2024-09-29 23:11:51
YnwhwJoP@gmail.com,READ,2024-09-29 21:27:58
NqGeNPnu@ya.ru,DELETE,2024-09-29 08:20:24
gxTCOO@mail.ru,CREATE,2024-09-29 11:46:36
AVYls@mail.ru,CREATE,2024-09-29 22:58:48
zwKVmp@ya.ru,DELETE,2024-09-29 13:01:59
gxTCOO@mail.ru,READ,2024-09-29 22:49:32
YnwhwJoP@gmail.com,DELETE,2024-09-29 01:58:47
LjfSiOYsuMMKv@gmail.com,DELETE,2024-09-29 17:41:55
HdSDO@mail.ru,READ,2024-09-29 15:47:29
AVYls@mail.ru,READ,2024-09-29 03:48:10
xOdsRbq@mail.ru,CREATE,2024-09-29 02:35:18
zwKVmp@ya.ru,READ,2024-09-29 20:27:31
zwKVmp@ya.ru,CREATE,2024-09-29 03:45:59
EzsLelMRt@ya.ru,DELETE,2024-09-29 13:47:28
zwKVmp@ya.ru,DELETE,2024-09-29 05:51:08
xOdsRbq@mail.ru,DELETE,2024-09-29 11:03:21
NqGeNPnu@ya.ru,READ,2024-09-29 21:01:12
IBaqfi@gmail.com,DELETE,2024-09-29 14:09:46
xOdsRbq@mail.ru,DELETE,2024-09-29 13:03:18
zwKVmp@ya.ru,CREATE,2024-09-29 16:28:26
NqGeNPnu@ya.ru,UPDATE,2024-09-29 02:49:29
YnwhwJoP@gmail.com,DELETE,2024-09-29 03:30:35
gxTCOO@mail.ru,DELETE,2024-09-29 03:31:50
xOdsRbq@mail.ru,DELETE,2024-09-29 14:38:49
AVYls@mail.ru,CREATE,2024-09-29 16:10:56
AVYls@mail.ru,DELETE,2024-09-29 18:45:20
LjfSiOYsuMMKv@gmail.com,CREATE,2024-09-29 03:59:45
YnwhwJoP@gmail.com,UPDATE,2024-09-29 03:24:22
xOdsRbq@mail.ru,DELETE,2024-09-29 07:26:44
IBaqfi@gmail.com,CREATE,2024-09-29 07:29:14
LjfSiOYsuMMKv@gmail.com,CREATE,2024-09-29 02:10:44
AVYls@mail.ru,UPDATE,2024-09-29 22:18:44
EzsLelMRt@ya.ru,DELETE,2024-09-29 15:43:46
gxTCOO@mail.ru,UPDATE,2024-09-29 01:03:39
EzsLelMRt@ya.ru,CREATE,2024-09-29 00:13:00
EzsLelMRt@ya.ru,READ,2024-09-29 09:16:39
gxTCOO@mail.ru,READ,2024-09-29 19:00:27
YnwhwJoP@gmail.com,DELETE,2024-09-29 01:55:02
AVYls@mail.ru,UPDATE,2024-09-29 02:53:57
zwKVmp@ya.ru,READ,2024-09-29 20:46:57
EzsLelMRt@ya.ru,CREATE,2024-09-29 07:27:40
xOdsRbq@mail.ru,UPDATE,2024-09-29 12:24:28
xOdsRbq@mail.ru,CREATE,2024-09-29 13:15:20
zwKVmp@ya.ru,DELETE,2024-09-29 13:09:31
EzsLelMRt@ya.ru,READ,2024-09-29 14:23:41
EzsLelMRt@ya.ru,DELETE,2024-09-29 17:33:21
NqGeNPnu@ya.ru,UPDATE,2024-09-29 01:28:44
NqGeNPnu@ya.ru,CREATE,2024-09-29 00:10:54
zwKVmp@ya.ru,READ,2024-09-29 13:41:21
gxTCOO@mail.ru,READ,2024-09-29 18:32:08
YnwhwJoP@gmail.com,UPDATE,2024-09-29 20:41:23
xOdsRbq@mail.ru,READ,2024-09-29 20:25:43
AVYls@mail.ru,UPDATE,2024-09-29 17:24:28
NqGeNPnu@ya.ru,UPDATE,2024-09-29 15:32:13
NqGeNPnu@ya.ru,UPDATE,2024-09-29 23:24:14
YnwhwJoP@gmail.com,CREATE,2024-09-29 10:36:20
LjfSiOYsuMMKv@gmail.com,UPDATE,2024-09-29 09:52:35
zwKVmp@ya.ru,READ,2024-09-29 07:27:09
zwKVmp@ya.ru,UPDATE,2024-09-29 07:01:50
EzsLelMRt@ya.ru,UPDATE,2024-09-29 03:42:43
HdSDO@mail.ru,DELETE,2024-09-29 08:54:09
IBaqfi@gmail.com,CREATE,2024-09-29 16:35:37
AVYls@mail.ru,UPDATE,2024-09-29 15:27:12
HdSDO@mail.ru,READ,2024-09-29 00:21:26
xOdsRbq@mail.ru,READ,2024-09-29 21:57:18
IBaqfi@gmail.com,UPDATE,2024-09-29 13:45:58
zwKVmp@ya.ru,UPDATE,2024-09-29 18:28:37
HdSDO@mail.ru,READ,2024-09-29 05:15:11
gxTCOO@mail.ru,DELETE,2024-09-29 10:38:02
zwKVmp@ya.ru,DELETE,2024-09-29 07:56:40
IBaqfi@gmail.com,CREATE,2024-09-29 23:11:50
LjfSiOYsuMMKv@gmail.com,READ,2024-09-29 06:50:33
YnwhwJoP@gmail.com,DELETE,2024-09-29 03:29:28
zwKVmp@ya.ru,CREATE,2024-09-29 06:05:30
gxTCOO@mail.ru,UPDATE,2024-09-29 04:02:24
EzsLelMRt@ya.ru,READ,2024-09-29 03:06:04
xOdsRbq@mail.ru,CREATE,2024-09-29 01:27:58
EzsLelMRt@ya.ru,UPDATE,2024-09-29 05:13:39
gxTCOO@mail.ru,DELETE,2024-09-29 00:40:07
LjfSiOYsuMMKv@gmail.com,DELETE,2024-09-29 13:37:54
EzsLelMRt@ya.ru,DELETE,2024-09-29 06:41:32
HdSDO@mail.ru,UPDATE,2024-09-29 22:43:48
xOdsRbq@mail.ru,READ,2024-09-29 08:02:06
HdSDO@mail.ru,UPDATE,2024-09-29 09:00:45
NqGeNPnu@ya.ru,READ,2024-09-29 04:22:48
IBaqfi@gmail.com,DELETE,2024-09-29 14:19:21
NqGeNPnu@ya.ru,READ,2024-09-29 21:45:40
gxTCOO@mail.ru,DELETE,2024-09-29 20:01:02
AVYls@mail.ru,READ,2024-09-29 08:57:51
xOdsRbq@mail.ru,CREATE,2024-09-29 12:21:08
HdSDO@mail.ru,CREATE,2024-09-29 00:42:12
zwKVmp@ya.ru,READ,2024-09-29 03:52:48
gxTCOO@mail.ru,DELETE,2024-09-29 15:46:36
LjfSiOYsuMMKv@gmail.com,DELETE,2024-09-29 19:26:47
xOdsRbq@mail.ru,DELETE,2024-09-29 00:05:16
NqGeNPnu@ya.ru,DELETE,2024-09-29 16:07:31
AVYls@mail.ru,UPDATE,2024-09-29 13:10:10
HdSDO@mail.ru,UPDATE,2024-09-29 09:59:34
IBaqfi@gmail.com,DELETE,2024-09-29 02:23:36
zwKVmp@ya.ru,CREATE,2024-09-29 20:17:23
EzsLelMRt@ya.ru,UPDATE,2024-09-29 18:34:28
YnwhwJoP@gmail.com,CREATE,2024-09-29 13:39:26
EzsLelMRt@ya.ru,READ,2024-09-29 23:18:45
LjfSiOYsuMMKv@gmail.com,CREATE,2024-09-29 17:31:41
zwKVmp@ya.ru,UPDATE,2024-09-29 22:57:02
gxTCOO@mail.ru,CREATE,2024-09-29 05:41:46
NqGeNPnu@ya.ru,CREATE,2024-09-29 16:59:59
LjfSiOYsuMMKv@gmail.com,READ,2024-09-29 04:31:10
NqGeNPnu@ya.ru,CREATE,2024-09-29 14:35:51
zwKVmp@ya.ru,DELETE,2024-09-29 06:45:31
YnwhwJoP@gmail.com,READ,2024-09-29 06:15:18
xOdsRbq@mail.ru,CREATE,2024-09-29 08:25:59
xOdsRbq@mail.ru,DELETE,2024-09-29 17:33:47
IBaqfi@gmail.com,UPDATE,2024-09-29 06:35:50
HdSDO@mail.ru,UPDATE,2024-09-29 23:04:00
AVYls@mail.ru,UPDATE,2024-09-29 14:25:40
HdSDO@mail.ru,CREATE,2024-09-29 03:55:42
IBaqfi@gmail.com,CREATE,2024-09-29 03:08:15
EzsLelMRt@ya.ru,CREATE,2024-09-29 03:26:54
xOdsRbq@mail.ru,UPDATE,2024-09-29 14:45:12
HdSDO@mail.ru,CREATE,2024-09-29 17:04:20
AVYls@mail.ru,UPDATE,2024-09-29 05:41:20
AVYls@mail.ru,UPDATE,2024-09-29 18:27:06
zwKVmp@ya.ru,READ,2024-09-29 00:16:58
EzsLelMRt@ya.ru,READ,2024-09-29 10:45:29
HdSDO@mail.ru,READ,2024-09-29 12:00:32
LjfSiOYsuMMKv@gmail.com,UPDATE,2024-09-29 13:41:15
AVYls@mail.ru,CREATE,2024-09-29 17:19:01
zwKVmp@ya.ru,UPDATE,2024-09-29 06:54:58
IBaqfi@gmail.com,UPDATE,2024-09-29 16:19:24
xOdsRbq@mail.ru,CREATE,2024-09-29 23:59:04
IBaqfi@gmail.com,UPDATE,2024-09-29 01:50:58
xOdsRbq@mail.ru,DELETE,2024-09-29 13:05:58
gxTCOO@mail.ru,UPDATE,2024-09-29 10:57:21
AVYls@mail.ru,READ,2024-09-29 08:09:39
NqGeNPnu@ya.ru,DELETE,2024-09-29 15:46:23
HdSDO@mail.ru,UPDATE,2024-09-29 07:59:18
AVYls@mail.ru,UPDATE,2024-09-29 01:37:53
xOdsRbq@mail.ru,DELETE,2024-09-29 22:20:42
gxTCOO@mail.ru,CREATE,2024-09-29 05:06:11
EzsLelMRt@ya.ru,UPDATE,2024-09-29 19:14:22
gxTCOO@mail.ru,DELETE,2024-09-29 12:59:03
HdSDO@mail.ru,CREATE,2024-09-29 22:28:24
xOdsRbq@mail.ru,DELETE,2024-09-29 23:06:51
EzsLelMRt@ya.ru,CREATE,2024-09-29 12:40:27
xOdsRbq@mail.ru,READ,2024-09-29 07:46:26
HdSDO@mail.ru,READ,2024-09-29 18:34:30
xOdsRbq@mail.ru,READ,2024-09-29 19:47:28
LjfSiOYsuMMKv@gmail.com,READ,2024-09-29 11:23:15
zwKVmp@ya.ru,READ,2024-09-29 21:43:06
zwKVmp@ya.ru,READ,2024-09-29 05:30:57
IBaqfi@gmail.com,READ,2024-09-29 13:09:29
IBaqfi@gmail.com,READ,2024-09-29 19:30:23
NqGeNPnu@ya.ru,READ,2024-09-29 23:06:43
YnwhwJoP@gmail.com,UPDATE,2024-09-29 15:05:10
gxTCOO@mail.ru,READ,2024-09-29 07:56:12
LjfSiOYsuMMKv@gmail.com,DELETE,2024-09-29 03:46:27
zwKVmp@ya.ru,UPDATE,2024-09-29 05:49:06
LjfSiOYsuMMKv@gmail.com,READ,2024-09-29 01:26:01
gxTCOO@mail.ru,READ,2024-09-29 05:33:27
AVYls@mail.ru,UPDATE,2024-09-29 12:32:21
YnwhwJoP@gmail.com,READ,2024-09-29 17:14:02
AVYls@mail.ru,CREATE,2024-09-29 02:37:08
NqGeNPnu@ya.ru,CREATE,2024-09-29 23:48:18
HdSDO@mail.ru,CREATE,2024-09-29 21:47:08
LjfSiOYsuMMKv@gmail.com,READ,2024-09-29 12:30:54
gxTCOO@mail.ru,UPDATE,2024-09-29 19:30:40
HdSDO@mail.ru,UPDATE,2024-09-29 12:17:16
AVYls@mail.ru,READ,2024-09-29 07:39:10
IBaqfi@gmail.com,DELETE,2024-09-29 12:38:24
zwKVmp@ya.ru,DELETE,2024-09-29 08:00:09
EzsLelMRt@ya.ru,UPDATE,2024-09-29 02:30:02
AVYls@mail.ru,CREATE,2024-09-29 06:05:46
xOdsRbq@mail.ru,UPDATE,2024-09-29 01:46:55
EzsLelMRt@ya.ru,CREATE,2024-09-29 08:35:11
NqGeNPnu@ya.ru,CREATE,2024-09-29 15:52:13
gxTCOO@mail.ru,CREATE,2024-09-29 14:22:51
gxTCOO@mail.ru,DELETE,2024-09-29 18:56:51
IBaqfi@gmail.com,CREATE,2024-09-29 10:52:11
NqGeNPnu@ya.ru,UPDATE,2024-09-29 08:03:27
zwKVmp@ya.ru,UPDATE,2024-09-29 09:13:07
YnwhwJoP@gmail.com,CREATE,2024-09-29 00:55:35
gxTCOO@mail.ru,READ,2024-09-29 06:26:05
HdSDO@mail.ru,READ,2024-09-29 14:39:42
YnwhwJoP@gmail.com,UPDATE,2024-09-29 21:35:45
EzsLelMRt@ya.ru,UPDATE,2024-09-29 23:55:35
xOdsRbq@mail.ru,UPDATE,2024-09-29 18:20:22
AVYls@mail.ru,CREATE,2024-09-29 01:24:25
xOdsRbq@mail.ru,UPDATE,2024-09-29 14:55:52
LjfSiOYsuMMKv@gmail.com,READ,2024-09-29 01:01:39
gxTCOO@mail.ru,UPDATE,2024-09-29 15:57:01
HdSDO@mail.ru,READ,2024-09-29 18:56:34
EzsLelMRt@ya.ru,CREATE,2024-09-29 10:12:41
LjfSiOYsuMMKv@gmail.com,READ,2024-09-29 20:56:13
LjfSiOYsuMMKv@gmail.com,CREATE,2024-09-29 06:32:30
zwKVmp@ya.ru,CREATE,2024-09-29 02:34:34
YnwhwJoP@gmail.com,CREATE,2024-09-29 11:51:47
HdSDO@mail.ru,UPDATE,2024-09-29 19:59:59
zwKVmp@ya.ru,UPDATE,2024-09-29 18:34:55
NqGeNPnu@ya.ru,READ,2024-09-29 06:12:45
xOdsRbq@mail.ru,READ,2024-09-29 01:48:26
EzsLelMRt@ya.ru,CREATE,2024-09-29 06:21:03
zwKVmp@ya.ru,UPDATE,2024-09-29 02:40:35
YnwhwJoP@gmail.com,READ,2024-09-29 09:50:10
xOdsRbq@mail.ru,READ,2024-09-29 15:47:52
IBaqfi@gmail.com,UPDATE,2024-09-29 21:55:41
YnwhwJoP@gmail.com,CREATE,2024-09-29 01:41:30
LjfSiOYsuMMKv@gmail.com,DELETE,2024-09-29 03:51:47
zwKVmp@ya.ru,UPDATE,2024-09-29 01:40:12
xOdsRbq@mail.ru,DELETE,2024-09-29 01:04:48
YnwhwJoP@gmail.com,UPDATE,2024-09-29 23:19:49
LjfSiOYsuMMKv@gmail.com,CREATE,2024-09-29 10:45:59
IBaqfi@gmail.com,READ,2024-09-29 01:10:05
NqGeNPnu@ya.ru,DELETE,2024-09-29 04:43:28
LjfSiOYsuMMKv@gmail.com,READ,2024-09-29 21:31:36
EzsLelMRt@ya.ru,CREATE,2024-09-29 22:33:23
EzsLelMRt@ya.ru,DELETE,2024-09-29 15:44:10
AVYls@mail.ru,DELETE,2024-09-29 16:15:38
gxTCOO@mail.ru,READ,2024-09-29 19:29:38
NqGeNPnu@ya.ru,CREATE,2024-09-29 03:21:29
IBaqfi@gmail.com,READ,2024-09-29 11:14:50
zwKVmp@ya.ru,CREATE,2024-09-29 11:59:31
AVYls@mail.ru,READ,2024-09-29 09:51:35
zwKVmp@ya.ru,CREATE,2024-09-29 14:10:51
HdSDO@mail.ru,CREATE,2024-09-29 14:09:22
AVYls@mail.ru,READ,2024-09-29 04:25:44
NqGeNPnu@ya.ru,UPDATE,2024-09-29 01:02:30
AVYls@mail.ru,DELETE,2024-09-29 01:01:39
LjfSiOYsuMMKv@gmail.com,UPDATE,2024-09-29 01:39:46
AVYls@mail.ru,DELETE,2024-09-29 23:42:01
LjfSiOYsuMMKv@gmail.com,DELETE,2024-09-29 18:30:46
LjfSiOYsuMMKv@gmail.com,DELETE,2024-09-29 07:51:44
gxTCOO@mail.ru,READ,2024-09-29 08:02:36
xOdsRbq@mail.ru,UPDATE,2024-09-29 11:06:58
xOdsRbq@mail.ru,UPDATE,2024-09-29 16:58:26
AVYls@mail.ru,READ,2024-09-29 03:19:12
HdSDO@mail.ru,CREATE,2024-09-29 02:29:28
EzsLelMRt@ya.ru,CREATE,2024-09-29 14:45:16
IBaqfi@gmail.com,DELETE,2024-09-29 14:39:07
NqGeNPnu@ya.ru,UPDATE,2024-09-29 18:30:33
IBaqfi@gmail.com,DELETE,2024-09-29 03:29:57
HdSDO@mail.ru,UPDATE,2024-09-29 00:44:03
HdSDO@mail.ru,CREATE,2024-09-29 12:44:53
gxTCOO@mail.ru,DELETE,2024-09-29 20:58:10
gxTCOO@mail.ru,DELETE,2024-09-29 18:03:55
gxTCOO@mail.ru,DELETE,2024-09-29 22:56:35
HdSDO@mail.ru,UPDATE,2024-09-29 16:54:26
LjfSiOYsuMMKv@gmail.com,CREATE,2024-09-29 04:26:42
NqGeNPnu@ya.ru,READ,2024-09-29 17:04:33
NqGeNPnu@ya.ru,READ,2024-09-29 00:55:51
IBaqfi@gmail.com,READ,2024-09-29 13:39:44
xOdsRbq@mail.ru,DELETE,2024-09-29 19:55:49
LjfSiOYsuMMKv@gmail.com,CREATE,2024-09-29 03:46:08
IBaqfi@gmail.com,DELETE,2024-09-29 08:53:07
YnwhwJoP@gmail.com,CREATE,2024-09-29 00:29:21
LjfSiOYsuMMKv@gmail.com,DELETE,2024-09-29 23:13:37
NqGeNPnu@ya.ru,DELETE,2024-09-29 02:52:55
YnwhwJoP@gmail.com,DELETE,2024-09-29 11:18:01
YnwhwJoP@gmail.com,UPDATE,2024-09-29 01:05:47
zwKVmp@ya.ru,DELETE,2024-09-29 17:17:31
gxTCOO@mail.ru,CREATE,2024-09-29 00:51:53
zwKVmp@ya.ru,CREATE,2024-09-29 15:11:09
EzsLelMRt@ya.ru,READ,2024-09-29 04:12:21
YnwhwJoP@gmail.com,UPDATE,2024-09-29 19:15:20
gxTCOO@mail.ru,DELETE,2024-09-29 19:32:33
NqGeNPnu@ya.ru,READ,2024-09-29 20:31:51
EzsLelMRt@ya.ru,DELETE,2024-09-29 06:30:21
NqGeNPnu@ya.ru,CREATE,2024-09-29 04:52:29
IBaqfi@gmail.com,CREATE,2024-09-29 16:53:39
zwKVmp@ya.ru,READ,2024-09-29 09:27:38
xOdsRbq@mail.ru,CREATE,2024-09-29 14:22:48
LjfSiOYsuMMKv@gmail.com,CREATE,2024-09-29 08:31:22
AVYls@mail.ru,UPDATE,2024-09-29 10:11:50
HdSDO@mail.ru,UPDATE,2024-09-29 02:29:46
AVYls@mail.ru,UPDATE,2024-09-29 08:02:03
EzsLelMRt@ya.ru,UPDATE,2024-09-29 18:10:39
EzsLelMRt@ya.ru,DELETE,2024-09-29 23:33:00
YnwhwJoP@gmail.com,DELETE,2024-09-29 00:46:08
gxTCOO@mail.ru,DELETE,2024-09-29 01:19:04
EzsLelMRt@ya.ru,DELETE,2024-09-29 00:19:24
xOdsRbq@mail.ru,READ,2024-09-29 08:35:54
gxTCOO@mail.ru,UPDATE,2024-09-29 10:05:40
gxTCOO@mail.ru,READ,2024-09-29 15:48:12
zwKVmp@ya.ru,CREATE,2024-09-29 23:51:57
EzsLelMRt@ya.ru,CREATE,2024-09-29 15:37:03
LjfSiOYsuMMKv@gmail.com,UPDATE,2024-09-29 06:01:49
LjfSiOYsuMMKv@gmail.com,CREATE,2024-09-29 03:45:37
xOdsRbq@mail.ru,DELETE,2024-09-29 01:53:57
IBaqfi@gmail.com,CREATE,2024-09-29 03:13:45
zwKVmp@ya.ru,CREATE,2024-09-29 02:48:14
HdSDO@mail.ru,DELETE,2024-09-29 23:36:32
YnwhwJoP@gmail.com,DELETE,2024-09-29 09:23:32
xOdsRbq@mail.ru,CREATE,2024-09-29 11:40:27
YnwhwJoP@gmail.com,DELETE,2024-09-29 05:40:01
IBaqfi@gmail.com,UPDATE,2024-09-29 23:41:41
gxTCOO@mail.ru,UPDATE,2024-09-29 21:26:08
YnwhwJoP@gmail.com,CREATE,2024-09-29 19:10:06
YnwhwJoP@gmail.com,CREATE,2024-09-29 14:55:11
HdSDO@mail.ru,DELETE,2024-09-29 00:07:51
gxTCOO@mail.ru,DELETE,2024-09-29 23:09:26
HdSDO@mail.ru,UPDATE,2024-09-29 09:19:24
AVYls@mail.ru,CREATE,2024-09-29 14:21:17
HdSDO@mail.ru,UPDATE,2024-09-29 14:13:20
xOdsRbq@mail.ru,CREATE,2024-09-29 12:25:54
HdSDO@mail.ru,UPDATE,2024-09-29 03:44:20
IBaqfi@gmail.com,CREATE,2024-09-29 21:23:04
LjfSiOYsuMMKv@gmail.com,UPDATE,2024-09-29 09:03:33
YnwhwJoP@gmail.com,CREATE,2024-09-29 08:09:16
LjfSiOYsuMMKv@gmail.com,CREATE,2024-09-29 09:36:59
HdSDO@mail.ru,DELETE,2024-09-29 19:17:32
YnwhwJoP@gmail.com,CREATE,2024-09-29 02:02:54
AVYls@mail.ru,CREATE,2024-09-29 20:51:38
IBaqfi@gmail.com,CREATE,2024-09-29 19:19:56
gxTCOO@mail.ru,READ,2024-09-29 18:59:26
HdSDO@mail.ru,DELETE,2024-09-29 20:08:29
IBaqfi@gmail.com,UPDATE,2024-09-29 09:05:44
gxTCOO@mail.ru,UPDATE,2024-09-29 16:38:00
NqGeNPnu@ya.ru,UPDATE,2024-09-29 07:23:49
IBaqfi@gmail.com,READ,2024-09-29 18:51:53
AVYls@mail.ru,READ,2024-09-29 06:03:03
zwKVmp@ya.ru,DELETE,2024-09-29 08:15:02
IBaqfi@gmail.com,CREATE,2024-09-29 15:20:49
LjfSiOYsuMMKv@gmail.com,UPDATE,2024-09-29 00:06:38
EzsLelMRt@ya.ru,CREATE,2024-09-29 22:53:24
AVYls@mail.ru,CREATE,2024-09-29 17:28:34
LjfSiOYsuMMKv@gmail.com,DELETE,2024-09-29 10:01:59
YnwhwJoP@gmail.com,READ,2024-09-29 04:03:15
xOdsRbq@mail.ru,CREATE,2024-09-29 10:58:20
xOdsRbq@mail.ru,READ,2024-09-29 07:05:16
LjfSiOYsuMMKv@gmail.com,DELETE,2024-09-29 15:20:41
xOdsRbq@mail.ru,CREATE,2024-09-29 07:23:47
AVYls@mail.ru,READ,2024-09-29 07:43:48
IBaqfi@gmail.com,CREATE,2024-09-29 19:45:29
LjfSiOYsuMMKv@gmail.com,UPDATE,2024-09-29 15:07:56
HdSDO@mail.ru,UPDATE,2024-09-29 01:51:46
AVYls@mail.ru,CREATE,2024-09-29 11:55:24
gxTCOO@mail.ru,UPDATE,2024-09-29 05:25:45
zwKVmp@ya.ru,DELETE,2024-09-29 01:36:05
HdSDO@mail.ru,DELETE,2024-09-29 16:47:26
LjfSiOYsuMMKv@gmail.com,CREATE,2024-09-29 09:27:09
gxTCOO@mail.ru,DELETE,2024-09-29 03:22:37
zwKVmp@ya.ru,UPDATE,2024-09-29 12:53:03
YnwhwJoP@gmail.com,UPDATE,2024-09-29 04:32:16
IBaqfi@gmail.com,DELETE,2024-09-29 10:08:53
AVYls@mail.ru,DELETE,2024-09-29 11:40:18
EzsLelMRt@ya.ru,DELETE,2024-09-29 17:30:02
IBaqfi@gmail.com,CREATE,2024-09-29 17:16:34
HdSDO@mail.ru,UPDATE,2024-09-29 15:46:57
LjfSiOYsuMMKv@gmail.com,READ,2024-09-29 02:04:14
xOdsRbq@mail.ru,CREATE,2024-09-29 02:19:11
YnwhwJoP@gmail.com,DELETE,2024-09-29 00:48:57
EzsLelMRt@ya.ru,UPDATE,2024-09-29 07:32:54
NqGeNPnu@ya.ru,READ,2024-09-29 18:41:02
YnwhwJoP@gmail.com,UPDATE,2024-09-29 14:30:24
EzsLelMRt@ya.ru,READ,2024-09-29 02:06:37
zwKVmp@ya.ru,UPDATE,2024-09-29 04:00:51
NqGeNPnu@ya.ru,CREATE,2024-09-29 11:28:24
EzsLelMRt@ya.ru,DELETE,2024-09-29 00:56:46
NqGeNPnu@ya.ru,CREATE,2024-09-29 00:39:18
gxTCOO@mail.ru,UPDATE,2024-09-29 22:41:37
NqGeNPnu@ya.ru,READ,2024-09-29 08:09:31
YnwhwJoP@gmail.com,DELETE,2024-09-29 18:58:28
YnwhwJoP@gmail.com,DELETE,2024-09-29 20:09:52
xOdsRbq@mail.ru,CREATE,2024-09-29 08:22:56
HdSDO@mail.ru,READ,2024-09-29 16:54:36
YnwhwJoP@gmail.com,READ,2024-09-29 16:13:51
IBaqfi@gmail.com,READ,2024-09-29 04:36:16
YnwhwJoP@gmail.com,CREATE,2024-09-29 09:48:30
gxTCOO@mail.ru,CREATE,2024-09-29 06:15:20
IBaqfi@gmail.com,DELETE,2024-09-29 02:21:57
gxTCOO@mail.ru,UPDATE,2024-09-29 10:05:04
NqGeNPnu@ya.ru,CREATE,2024-09-29 17:30:50
EzsLelMRt@ya.ru,DELETE,2024-09-29 04:28:03
LjfSiOYsuMMKv@gmail.com,DELETE,2024-09-29 14:51:12
AVYls@mail.ru,DELETE,2024-09-29 16:29:30
xOdsRbq@mail.ru,CREATE,2024-09-29 10:16:38
AVYls@mail.ru,UPDATE,2024-09-29 16:36:11
NqGeNPnu@ya.ru,DELETE,2024-09-29 03:42:15
HdSDO@mail.ru,DELETE,2024-09-29 11:20:07
IBaqfi@gmail.com,DELETE,2024-09-29 03:11:37
HdSDO@mail.ru,CREATE,2024-09-29 02:07:42
HdSDO@mail.ru,CREATE,2024-09-29 03:55:41
IBaqfi@gmail.com,CREATE,2024-09-29 06:28:46
xOdsRbq@mail.ru,CREATE,2024-09-29 18:35:39
LjfSiOYsuMMKv@gmail.com,DELETE,2024-09-29 11:31:21
YnwhwJoP@gmail.com,UPDATE,2024-09-29 02:41:45
IBaqfi@gmail.com,CREATE,2024-09-29 00:27:52
EzsLelMRt@ya.ru,CREATE,2024-09-29 13:51:52
xOdsRbq@mail.ru,CREATE,2024-09-29 00:40:31
IBaqfi@gmail.com,UPDATE,2024-09-29 03:44:44
AVYls@mail.ru,UPDATE,2024-09-29 12:54:30
gxTCOO@mail.ru,CREATE,2024-09-29 16:06:51
NqGeNPnu@ya.ru,UPDATE,2024-09-29 06:23:09
zwKVmp@ya.ru,READ,2024-09-29 20:50:41
EzsLelMRt@ya.ru,CREATE,2024-09-29 12:52:04
EzsLelMRt@ya.ru,READ,2024-09-29 09:24:03
gxTCOO@mail.ru,UPDATE,2024-09-29 23:58:49
HdSDO@mail.ru,CREATE,2024-09-29 15:49:05
EzsLelMRt@ya.ru,READ,2024-09-29 02:00:44
HdSDO@mail.ru,UPDATE,2024-09-29 17:46:14
NqGeNPnu@ya.ru,READ,2024-09-29 07:39:59
NqGeNPnu@ya.ru,UPDATE,2024-09-29 21:06:44
IBaqfi@gmail.com,CREATE,2024-09-29 07:02:19
NqGeNPnu@ya.ru,CREATE,2024-09-29 05:59:31
AVYls@mail.ru,CREATE,2024-09-29 14:19:43
NqGeNPnu@ya.ru,UPDATE,2024-09-29 16:37:50
zwKVmp@ya.ru,UPDATE,2024-09-29 13:11:51
LjfSiOYsuMMKv@gmail.com,READ,2024-09-29 19:50:48
AVYls@mail.ru,DELETE,2024-09-29 11:10:00
YnwhwJoP@gmail.com,CREATE,2024-09-29 20:48:45
HdSDO@mail.ru,READ,2024-09-29 01:59:42
xOdsRbq@mail.ru,READ,2024-09-29 21:01:51
xOdsRbq@mail.ru,CREATE,2024-09-29 08:35:32
LjfSiOYsuMMKv@gmail.com,DELETE,2024-09-29 18:23:53
NqGeNPnu@ya.ru,DELETE,2024-09-29 16:45:57
gxTCOO@mail.ru,DELETE,2024-09-29 05:35:47
HdSDO@mail.ru,UPDATE,2024-09-29 16:37:38
AVYls@mail.ru,READ,2024-09-29 12:45:48
YnwhwJoP@gmail.com,DELETE,2024-09-29 03:59:12
LjfSiOYsuMMKv@gmail.com,DELETE,2024-09-29 11:28:35
NqGeNPnu@ya.ru,CREATE,2024-09-29 21:53:37
zwKVmp@ya.ru,READ,2024-09-29 02:24:32
LjfSiOYsuMMKv@gmail.com,READ,2024-09-29 03:21:47
gxTCOO@mail.ru,UPDATE,2024-09-29 06:02:09
zwKVmp@ya.ru,CREATE,2024-09-29 21:33:02
xOdsRbq@mail.ru,READ,2024-09-29 10:02:09
YnwhwJoP@gmail.com,UPDATE,2024-09-29 21:02:03
xOdsRbq@mail.ru,UPDATE,2024-09-29 19:10:15
zwKVmp@ya.ru,DELETE,2024-09-29 14:01:27
YnwhwJoP@gmail.com,DELETE,2024-09-29 02:55:07
zwKVmp@ya.ru,CREATE,2024-09-29 14:46:31
HdSDO@mail.ru,UPDATE,2024-09-29 00:20:46
gxTCOO@mail.ru,UPDATE,2024-09-29 21:40:32
AVYls@mail.ru,DELETE,2024-09-29 01:18:07
IBaqfi@gmail.com,CREATE,2024-09-29 15:20:11
xOdsRbq@mail.ru,CREATE,2024-09-29 00:58:52
HdSDO@mail.ru,DELETE,2024-09-29 23:22:53
IBaqfi@gmail.com,UPDATE,2024-09-29 21:15:40
AVYls@mail.ru,UPDATE,2024-09-29 06:36:17
zwKVmp@ya.ru,CREATE,2024-09-29 08:36:34
NqGeNPnu@ya.ru,UPDATE,2024-09-29 12:57:25
IBaqfi@gmail.com,UPDATE,2024-09-29 07:36:04
xOdsRbq@mail.ru,UPDATE,2024-09-29 10:58:46
zwKVmp@ya.ru,READ,2024-09-29 02:33:41
zwKVmp@ya.ru,CREATE,2024-09-29 17:29:11
gxTCOO@mail.ru,UPDATE,2024-09-29 00:34:52
zwKVmp@ya.ru,DELETE,2024-09-29 11:29:58
AVYls@mail.ru,READ,2024-09-29 08:42:07
NqGeNPnu@ya.ru,DELETE,2024-09-29 21:44:35
gxTCOO@mail.ru,READ,2024-09-29 12:55:57
IBaqfi@gmail.com,CREATE,2024-09-29 06:21:12
AVYls@mail.ru,CREATE,2024-09-29 06:57:19
EzsLelMRt@ya.ru,CREATE,2024-09-29 23:39:33
NqGeNPnu@ya.ru,CREATE,2024-09-29 03:09:49
LjfSiOYsuMMKv@gmail.com,READ,2024-09-29 23:19:24
HdSDO@mail.ru,READ,2024-09-29 20:04:53
YnwhwJoP@gmail.com,CREATE,2024-09-29 04:32:05
xOdsRbq@mail.ru,DELETE,2024-09-29 23:23:26
YnwhwJoP@gmail.com,DELETE,2024-09-29 14:19:53
EzsLelMRt@ya.ru,UPDATE,2024-09-29 21:24:18
xOdsRbq@mail.ru,READ,2024-09-29 21:52:54
zwKVmp@ya.ru,READ,2024-09-29 21:50:11
EzsLelMRt@ya.ru,DELETE,2024-09-29 10:17:21
HdSDO@mail.ru,READ,2024-09-29 00:54:22
AVYls@mail.ru,READ,2024-09-29 05:27:44
IBaqfi@gmail.com,DELETE,2024-09-29 20:54:26
xOdsRbq@mail.ru,DELETE,2024-09-29 09:14:16
LjfSiOYsuMMKv@gmail.com,CREATE,2024-09-29 22:48:24
zwKVmp@ya.ru,READ,2024-09-29 01:14:19
zwKVmp@ya.ru,CREATE,2024-09-29 07:20:20
HdSDO@mail.ru,CREATE,2024-09-29 20:15:30
xOdsRbq@mail.ru,CREATE,2024-09-29 10:07:14
LjfSiOYsuMMKv@gmail.com,READ,2024-09-29 12:36:51
HdSDO@mail.ru,UPDATE,2024-09-29 15:54:49
EzsLelMRt@ya.ru,READ,2024-09-29 10:37:43
xOdsRbq@mail.ru,READ,2024-09-29 05:03:36
AVYls@mail.ru,DELETE,2024-09-29 05:24:21
zwKVmp@ya.ru,CREATE,2024-09-29 20:46:36
gxTCOO@mail.ru,UPDATE,2024-09-29 17:20:52
YnwhwJoP@gmail.com,READ,2024-09-29 02:20:43
IBaqfi@gmail.com,CREATE,2024-09-29 07:35:45
gxTCOO@mail.ru,UPDATE,2024-09-29 17:25:28
IBaqfi@gmail.com,CREATE,2024-09-29 05:57:23
LjfSiOYsuMMKv@gmail.com,READ,2024-09-29 06:11:43
HdSDO@mail.ru,DELETE,2024-09-29 18:37:46
EzsLelMRt@ya.ru,UPDATE,2024-09-29 16:39:55
gxTCOO@mail.ru,DELETE,2024-09-29 04:29:13
YnwhwJoP@gmail.com,READ,2024-09-29 05:55:11
zwKVmp@ya.ru,DELETE,2024-09-29 12:19:06
HdSDO@mail.ru,DELETE,2024-09-29 14:46:17
zwKVmp@ya.ru,DELETE,2024-09-29 17:54:41
zwKVmp@ya.ru,READ,2024-09-29 08:31:18
LjfSiOYsuMMKv@gmail.com,DELETE,2024-09-29 04:34:57
YnwhwJoP@gmail.com,UPDATE,2024-09-29 12:36:51
IBaqfi@gmail.com,READ,2024-09-29 23:31:08
xOdsRbq@mail.ru,DELETE,2024-09-29 15:06:21
IBaqfi@gmail.com,DELETE,2024-09-29 04:49:17
zwKVmp@ya.ru,UPDATE,2024-09-29 06:41:28
gxTCOO@mail.ru,DELETE,2024-09-29 19:55:06
HdSDO@mail.ru,DELETE,2024-09-29 22:31:38
EzsLelMRt@ya.ru,DELETE,2024-09-29 21:23:24
gxTCOO@mail.ru,CREATE,2024-09-29 02:47:51
YnwhwJoP@gmail.com,READ,2024-09-29 01:47:19
NqGeNPnu@ya.ru,READ,2024-09-29 19:44:19
HdSDO@mail.ru,UPDATE,2024-09-29 12:47:57
AVYls@mail.ru,DELETE,2024-09-29 19:47:02
YnwhwJoP@gmail.com,READ,2024-09-29 03:17:48
gxTCOO@mail.ru,DELETE,2024-09-29 05:22:54
LjfSiOYsuMMKv@gmail.com,READ,2024-09-29 10:01:42
YnwhwJoP@gmail.com,DELETE,2024-09-29 01:04:24
NqGeNPnu@ya.ru,READ,2024-09-29 08:36:51
IBaqfi@gmail.com,UPDATE,2024-09-29 17:25:59
zwKVmp@ya.ru,CREATE,2024-09-29 19:23:25
EzsLelMRt@ya.ru,DELETE,2024-09-29 20:27:04
gxTCOO@mail.ru,UPDATE,2024-09-29 17:10:11
EzsLelMRt@ya.ru,READ,2024-09-29 03:04:25
AVYls@mail.ru,CREATE,2024-09-29 16:39:43
EzsLelMRt@ya.ru,DELETE,2024-09-29 11:34:59
NqGeNPnu@ya.ru,READ,2024-09-29 10:30:39
NqGeNPnu@ya.ru,UPDATE,2024-09-29 13:56:03
YnwhwJoP@gmail.com,READ,2024-09-29 20:46:27
NqGeNPnu@ya.ru,UPDATE,2024-09-29 06:49:06
AVYls@mail.ru,UPDATE,2024-09-29 04:17:31
NqGeNPnu@ya.ru,UPDATE,2024-09-29 11:10:24
IBaqfi@gmail.com,UPDATE,2024-09-29 21:18:08
LjfSiOYsuMMKv@gmail.com,DELETE,2024-09-29 09:20:00
IBaqfi@gmail.com,CREATE,2024-09-29 09:31:25
EzsLelMRt@ya.ru,READ,2024-09-29 17:14:59
NqGeNPnu@ya.ru,UPDATE,2024-09-29 19:21:08
IBaqfi@gmail.com,DELETE,2024-09-29 18:07:16
zwKVmp@ya.ru,CREATE,2024-09-29 05:15:15
EzsLelMRt@ya.ru,READ,2024-09-29 19:43:10
IBaqfi@gmail.com,UPDATE,2024-09-29 12:33:28
gxTCOO@mail.ru,READ,2024-09-29 20:01:22
zwKVmp@ya.ru,CREATE,2024-09-29 02:28:03
xOdsRbq@mail.ru,READ,2024-09-29 16:21:20
LjfSiOYsuMMKv@gmail.com,UPDATE,2024-09-29 19:48:53
AVYls@mail.ru,UPDATE,2024-09-29 14:47:28
YnwhwJoP@gmail.com,UPDATE,2024-09-29 13:33:41
zwKVmp@ya.ru,READ,2024-09-29 06:16:36
zwKVmp@ya.ru,CREATE,2024-09-29 05:11:07
IBaqfi@gmail.com,UPDATE,2024-09-29 20:46:19
AVYls@mail.ru,UPDATE,2024-09-29 06:34:41
xOdsRbq@mail.ru,DELETE,2024-09-29 11:01:14
LjfSiOYsuMMKv@gmail.com,UPDATE,2024-09-29 13:16:47
IBaqfi@gmail.com,READ,2024-09-29 12:48:03
LjfSiOYsuMMKv@gmail.com,CREATE,2024-09-29 05:58:18
LjfSiOYsuMMKv@gmail.com,UPDATE,2024-09-29 05:16:01
NqGeNPnu@ya.ru,CREATE,2024-09-29 00:45:23
NqGeNPnu@ya.ru,DELETE,2024-09-29 08:58:42
EzsLelMRt@ya.ru,UPDATE,2024-09-29 09:37:50
LjfSiOYsuMMKv@gmail.com,DELETE,2024-09-29 22:47:09
IBaqfi@gmail.com,READ,2024-09-29 16:07:10
gxTCOO@mail.ru,CREATE,2024-09-29 00:35:47
NqGeNPnu@ya.ru,CREATE,2024-09-29 17:17:32
gxTCOO@mail.ru,DELETE,2024-09-29 06:04:57
IBaqfi@gmail.com,READ,2024-09-29 23:55:30
AVYls@mail.ru,CREATE,2024-09-29 09:14:47
AVYls@mail.ru,UPDATE,2024-09-29 05:14:15
LjfSiOYsuMMKv@gmail.com,DELETE,2024-09-29 01:53:58
IBaqfi@gmail.com,READ,2024-09-29 20:51:45
gxTCOO@mail.ru,UPDATE,2024-09-29 14:42:11
gxTCOO@mail.ru,READ,2024-09-29 12:40:02
AVYls@mail.ru,READ,2024-09-29 18:14:02
YnwhwJoP@gmail.com,READ,2024-09-29 00:18:01
AVYls@mail.ru,UPDATE,2024-09-29 00:23:29
YnwhwJoP@gmail.com,READ,2024-09-29 17:55:16
NqGeNPnu@ya.ru,DELETE,2024-09-29 18:28:01
HdSDO@mail.ru,READ,2024-09-29 00:27:39
EzsLelMRt@ya.ru,CREATE,2024-09-29 13:00:00
HdSDO@mail.ru,DELETE,2024-09-29 04:51:41
zwKVmp@ya.ru,CREATE,2024-09-29 13:59:38
EzsLelMRt@ya.ru,CREATE,2024-09-29 08:03:19
zwKVmp@ya.ru,CREATE,2024-09-29 01:58:23
NqGeNPnu@ya.ru,READ,2024-09-29 22:41:18
YnwhwJoP@gmail.com,UPDATE,2024-09-29 12:45:00
YnwhwJoP@gmail.com,READ,2024-09-29 07:19:24
xOdsRbq@mail.ru,CREATE,2024-09-29 10:44:42
zwKVmp@ya.ru,READ,2024-09-29 14:35:16
HdSDO@mail.ru,CREATE,2024-09-29 12:22:41
EzsLelMRt@ya.ru,UPDATE,2024-09-29 16:07:42
YnwhwJoP@gmail.com,CREATE,2024-09-29 17:32:40
AVYls@mail.ru,DELETE,2024-09-29 08:42:30
IBaqfi@gmail.com,READ,2024-09-29 18:33:12
gxTCOO@mail.ru,DELETE,2024-09-29 05:29:56
HdSDO@mail.ru,DELETE,2024-09-29 11:36:11
HdSDO@mail.ru,CREATE,2024-09-29 02:53:02
LjfSiOYsuMMKv@gmail.com,DELETE,2024-09-29 07:17:46
xOdsRbq@mail.ru,CREATE,2024-09-29 06:58:59
AVYls@mail.ru,READ,2024-09-29 03:24:06
NqGeNPnu@ya.ru,READ,2024-09-29 13:16:01
EzsLelMRt@ya.ru,CREATE,2024-09-29 13:22:35
LjfSiOYsuMMKv@gmail.com,UPDATE,2024-09-29 17:42:33
YnwhwJoP@gmail.com,UPDATE,2024-09-29 01:41:16
xOdsRbq@mail.ru,DELETE,2024-09-29 22:38:33
NqGeNPnu@ya.ru,CREATE,2024-09-29 08:57:27
NqGeNPnu@ya.ru,DELETE,2024-09-29 00:34:33
AVYls@mail.ru,UPDATE,2024-09-29 05:02:59
gxTCOO@mail.ru,CREATE,2024-09-29 18:37:36
EzsLelMRt@ya.ru,READ,2024-09-29 20:06:14
xOdsRbq@mail.ru,READ,2024-09-29 08:45:26
IBaqfi@gmail.com,CREATE,2024-09-29 14:53:07
IBaqfi@gmail.com,DELETE,2024-09-29 05:57:47
LjfSiOYsuMMKv@gmail.com,CREATE,2024-09-29 23:22:28
LjfSiOYsuMMKv@gmail.com,DELETE,2024-09-29 22:53:32
NqGeNPnu@ya.ru,READ,2024-09-29 04:51:53
IBaqfi@gmail.com,DELETE,2024-09-29 18:10:16
AVYls@mail.ru,CREATE,2024-09-29 00:28:28
YnwhwJoP@gmail.com,READ,2024-09-29 15:53:26
HdSDO@mail.ru,CREATE,2024-09-29 04:16:50
zwKVmp@ya.ru,CREATE,2024-09-29 17:51:05
gxTCOO@mail.ru,DELETE,2024-09-29 08:15:19
IBaqfi@gmail.com,CREATE,2024-09-29 01:54:48
zwKVmp@ya.ru,CREATE,2024-09-29 00:13:25
NqGeNPnu@ya.ru,UPDATE,2024-09-29 17:13:25
AVYls@mail.ru,DELETE,2024-09-29 06:45:48
AVYls@mail.ru,DELETE,2024-09-29 18:37:24
gxTCOO@mail.ru,CREATE,2024-09-29 10:08:43
zwKVmp@ya.ru,CREATE,2024-09-29 12:54:11
AVYls@mail.ru,READ,2024-09-29 13:02:48
xOdsRbq@mail.ru,UPDATE,2024-09-29 15:00:03
EzsLelMRt@ya.ru,UPDATE,2024-09-29 18:14:37
YnwhwJoP@gmail.com,CREATE,2024-09-29 14:16:38
HdSDO@mail.ru,UPDATE,2024-09-29 20:56:50
YnwhwJoP@gmail.com,READ,2024-09-29 13:28:52
zwKVmp@ya.ru,DELETE,2024-09-29 11:38:45
NqGeNPnu@ya.ru,READ,2024-09-29 07:48:42
xOdsRbq@mail.ru,CREATE,2024-09-29 01:49:49
gxTCOO@mail.ru,DELETE,2024-09-29 07:14:56
xOdsRbq@mail.ru,UPDATE,2024-09-29 10:50:11
xOdsRbq@mail.ru,UPDATE,2024-09-29 06:08:56
xOdsRbq@mail.ru,UPDATE,2024-09-29 11:54:16
AVYls@mail.ru,READ,2024-09-29 16:03:28
LjfSiOYsuMMKv@gmail.com,DELETE,2024-09-29 10:16:05
EzsLelMRt@ya.ru,CREATE,2024-09-29 15:40:08
NqGeNPnu@ya.ru,UPDATE,2024-09-29 17:06:52
IBaqfi@gmail.com,DELETE,2024-09-29 14:40:28
EzsLelMRt@ya.ru,UPDATE,2024-09-29 18:59:52
EzsLelMRt@ya.ru,UPDATE,2024-09-29 23:45:20
HdSDO@mail.ru,DELETE,2024-09-29 22:07:32
IBaqfi@gmail.com,DELETE,2024-09-29 03:13:28
zwKVmp@ya.ru,CREATE,2024-09-29 19:15:38
NqGeNPnu@ya.ru,DELETE,2024-09-29 01:11:59
xOdsRbq@mail.ru,DELETE,2024-09-29 03:37:07
AVYls@mail.ru,DELETE,2024-09-29 05:58:31
HdSDO@mail.ru,CREATE,2024-09-29 19:00:41
zwKVmp@ya.ru,READ,2024-09-29 05:06:26
gxTCOO@mail.ru,CREATE,2024-09-29 12:09:57
LjfSiOYsuMMKv@gmail.com,CREATE,2024-09-29 14:47:56
EzsLelMRt@ya.ru,CREATE,2024-09-29 15:50:52
AVYls@mail.ru,READ,2024-09-29 05:43:28
EzsLelMRt@ya.ru,UPDATE,2024-09-29 07:20:20
AVYls@mail.ru,READ,2024-09-29 01:20:59
YnwhwJoP@gmail.com,UPDATE,2024-09-29 23:25:56
YnwhwJoP@gmail.com,CREATE,2024-09-29 08:58:08
NqGeNPnu@ya.ru,UPDATE,2024-09-29 09:12:36
NqGeNPnu@ya.ru,CREATE,2024-09-29 12:44:53
YnwhwJoP@gmail.com,CREATE,2024-09-29 13:52:43
HdSDO@mail.ru,DELETE,2024-09-29 20:19:01
gxTCOO@mail.ru,CREATE,2024-09-29 23:47:21
zwKVmp@ya.ru,DELETE,2024-09-29 10:02:49
AVYls@mail.ru,UPDATE,2024-09-29 14:51:16
EzsLelMRt@ya.ru,CREATE,2024-09-29 17:00:38
gxTCOO@mail.ru,CREATE,2024-09-29 07:04:19
AVYls@mail.ru,DELETE,2024-09-29 16:15:53
EzsLelMRt@ya.ru,DELETE,2024-09-29 23:48:04
NqGeNPnu@ya.ru,UPDATE,2024-09-29 06:11:49
zwKVmp@ya.ru,UPDATE,2024-09-29 02:15:09
gxTCOO@mail.ru,CREATE,2024-09-29 16:35:33
HdSDO@mail.ru,READ,2024-09-29 18:26:20
AVYls@mail.ru,DELETE,2024-09-29 06:58:47
AVYls@mail.ru,CREATE,2024-09-29 18:11:13
xOdsRbq@mail.ru,UPDATE,2024-09-29 06:53:02
xOdsRbq@mail.ru,DELETE,2024-09-29 07:06:59
gxTCOO@mail.ru,READ,2024-09-29 19:50:59
AVYls@mail.ru,DELETE,2024-09-29 07:04:00
HdSDO@mail.ru,UPDATE,2024-09-29 07:06:05
gxTCOO@mail.ru,UPDATE,2024-09-29 09:59:42
AVYls@mail.ru,CREATE,2024-09-29 20:33:49
NqGeNPnu@ya.ru,READ,2024-09-29 17:34:34
zwKVmp@ya.ru,CREATE,2024-09-29 18:53:24
LjfSiOYsuMMKv@gmail.com,UPDATE,2024-09-29 20:59:47
AVYls@mail.ru,DELETE,2024-09-29 01:16:49
xOdsRbq@mail.ru,UPDATE,2024-09-29 18:06:13
gxTCOO@mail.ru,UPDATE,2024-09-29 12:41:39
gxTCOO@mail.ru,UPDATE,2024-09-29 23:47:07
YnwhwJoP@gmail.com,CREATE,2024-09-29 04:39:38
AVYls@mail.ru,UPDATE,2024-09-29 11:34:26
gxTCOO@mail.ru,READ,2024-09-29 13:08:11
IBaqfi@gmail.com,CREATE,2024-09-29 18:28:13
NqGeNPnu@ya.ru,DELETE,2024-09-29 15:27:24
IBaqfi@gmail.com,DELETE,2024-09-29 07:36:29
NqGeNPnu@ya.ru,READ,2024-09-29 02:01:40
NqGeNPnu@ya.ru,UPDATE,2024-09-29 14:03:02
LjfSiOYsuMMKv@gmail.com,READ,2024-09-29 02:44:07
NqGeNPnu@ya.ru,CREATE,2024-09-29 09:41:21
HdSDO@mail.ru,UPDATE,2024-09-29 20:52:02
xOdsRbq@mail.ru,CREATE,2024-09-29 23:56:44
HdSDO@mail.ru,CREATE,2024-09-29 22:20:28
AVYls@mail.ru,UPDATE,2024-09-29 23:09:05
NqGeNPnu@ya.ru,CREATE,2024-09-29 16:43:27
zwKVmp@ya.ru,DELETE,2024-09-29 21:26:55
IBaqfi@gmail.com,DELETE,2024-09-29 02:40:54
zwKVmp@ya.ru,UPDATE,2024-09-29 00:55:16
IBaqfi@gmail.com,UPDATE,2024-09-29 14:07:00
gxTCOO@mail.ru,READ,2024-09-29 10:32:09
gxTCOO@mail.ru,UPDATE,2024-09-29 05:50:45
HdSDO@mail.ru,READ,2024-09-29 03:48:04
LjfSiOYsuMMKv@gmail.com,UPDATE,2024-09-29 16:41:50
IBaqfi@gmail.com,READ,2024-09-29 22:08:52
IBaqfi@gmail.com,CREATE,2024-09-29 10:18:34
LjfSiOYsuMMKv@gmail.com,CREATE,2024-09-29 22:35:30
HdSDO@mail.ru,DELETE,2024-09-29 11:23:52
LjfSiOYsuMMKv@gmail.com,UPDATE,2024-09-29 01:56:47
NqGeNPnu@ya.ru,DELETE,2024-09-29 02:26:53
xOdsRbq@mail.ru,CREATE,2024-09-29 03:27:55
YnwhwJoP@gmail.com,DELETE,2024-09-29 22:44:36
zwKVmp@ya.ru,CREATE,2024-09-29 20:58:02
YnwhwJoP@gmail.com,CREATE,2024-09-29 14:32:56
xOdsRbq@mail.ru,DELETE,2024-09-29 06:06:01
HdSDO@mail.ru,UPDATE,2024-09-29 07:05:29
EzsLelMRt@ya.ru,DELETE,2024-09-29 05:23:39
EzsLelMRt@ya.ru,READ,2024-09-29 10:00:54
EzsLelMRt@ya.ru,CREATE,2024-09-29 11:23:55
EzsLelMRt@ya.ru,CREATE,2024-09-29 17:01:56
NqGeNPnu@ya.ru,READ,2024-09-29 21:05:34
xOdsRbq@mail.ru,DELETE,2024-09-29 09:03:17
IBaqfi@gmail.com,CREATE,2024-09-29 22:12:41
IBaqfi@gmail.com,DELETE,2024-09-29 15:24:45
IBaqfi@gmail.com,UPDATE,2024-09-29 10:59:16
zwKVmp@ya.ru,DELETE,2024-09-29 21:04:52
xOdsRbq@mail.ru,CREATE,2024-09-29 08:16:16
EzsLelMRt@ya.ru,CREATE,2024-09-29 10:07:25
xOdsRbq@mail.ru,DELETE,2024-09-29 19:51:17
YnwhwJoP@gmail.com,CREATE,2024-09-29 19:30:38
LjfSiOYsuMMKv@gmail.com,UPDATE,2024-09-29 01:34:34
EzsLelMRt@ya.ru,READ,2024-09-29 14:31:27
HdSDO@mail.ru,UPDATE,2024-09-29 07:31:38
IBaqfi@gmail.com,CREATE,2024-09-29 13:14:56
YnwhwJoP@gmail.com,UPDATE,2024-09-29 16:19:23
YnwhwJoP@gmail.com,CREATE,2024-09-29 04:43:05
LjfSiOYsuMMKv@gmail.com,UPDATE,2024-09-29 15:26:40
EzsLelMRt@ya.ru,UPDATE,2024-09-29 14:06:01
IBaqfi@gmail.com,UPDATE,2024-09-29 14:23:53
xOdsRbq@mail.ru,DELETE,2024-09-29 17:25:44
IBaqfi@gmail.com,READ,2024-09-29 23:19:03
EzsLelMRt@ya.ru,READ,2024-09-29 00:57:59
gxTCOO@mail.ru,READ,2024-09-29 16:03:52
IBaqfi@gmail.com,CREATE,2024-09-29 02:34:35
LjfSiOYsuMMKv@gmail.com,UPDATE,2024-09-29 20:54:39
IBaqfi@gmail.com,DELETE,2024-09-29 23:57:25
gxTCOO@mail.ru,READ,2024-09-29 23:18:09
gxTCOO@mail.ru,CREATE,2024-09-29 18:52:44
NqGeNPnu@ya.ru,UPDATE,2024-09-29 23:21:33
AVYls@mail.ru,UPDATE,2024-09-29 12:49:13
YnwhwJoP@gmail.com,DELETE,2024-09-29 18:16:35
IBaqfi@gmail.com,UPDATE,2024-09-29 01:35:37
AVYls@mail.ru,DELETE,2024-09-29 07:47:11
EzsLelMRt@ya.ru,READ,2024-09-29 10:32:00
zwKVmp@ya.ru,UPDATE,2024-09-29 02:41:16
AVYls@mail.ru,READ,2024-09-29 09:40:53
EzsLelMRt@ya.ru,READ,2024-09-29 14:42:07
EzsLelMRt@ya.ru,UPDATE,2024-09-29 05:52:27
LjfSiOYsuMMKv@gmail.com,UPDATE,2024-09-29 14:43:32
zwKVmp@ya.ru,DELETE,2024-09-29 10:47:31
xOdsRbq@mail.ru,DELETE,2024-09-29 20:52:28
EzsLelMRt@ya.ru,DELETE,2024-09-29 12:41:05
YnwhwJoP@gmail.com,DELETE,2024-09-29 02:16:55
AVYls@mail.ru,DELETE,2024-09-29 14:22:30
HdSDO@mail.ru,DELETE,2024-09-29 06:04:09
IBaqfi@gmail.com,DELETE,2024-09-29 17:08:05
LjfSiOYsuMMKv@gmail.com,UPDATE,2024-09-29 03:55:50
LjfSiOYsuMMKv@gmail.com,UPDATE,2024-09-29 17:48:57
EzsLelMRt@ya.ru,UPDATE,2024-09-29 04:55:08
NqGeNPnu@ya.ru,READ,2024-09-29 23:36:07
xOdsRbq@mail.ru,CREATE,2024-09-29 12:14:19
HdSDO@mail.ru,CREATE,2024-09-29 18:13:27
NqGeNPnu@ya.ru,READ,2024-09-29 13:29:19
NqGeNPnu@ya.ru,UPDATE,2024-09-29 11:09:26
LjfSiOYsuMMKv@gmail.com,CREATE,2024-09-29 12:01:29
EzsLelMRt@ya.ru,CREATE,2024-09-29 03:59:55
AVYls@mail.ru,READ,2024-09-29 13:29:30
zwKVmp@ya.ru,READ,2024-09-29 03:07:03
IBaqfi@gmail.com,UPDATE,2024-09-29 06:05:11
AVYls@mail.ru,READ,2024-09-29 19:28:06
gxTCOO@mail.ru,READ,2024-09-29 02:59:52
EzsLelMRt@ya.ru,CREATE,2024-09-29 12:32:34
EzsLelMRt@ya.ru,READ,2024-09-29 14:22:44
HdSDO@mail.ru,UPDATE,2024-09-29 11:25:25
IBaqfi@gmail.com,DELETE,2024-09-29 14:15:05
LjfSiOYsuMMKv@gmail.com,DELETE,2024-09-29 09:51:17
IBaqfi@gmail.com,UPDATE,2024-09-29 00:45:52
zwKVmp@ya.ru,DELETE,2024-09-29 08:19:09
zwKVmp@ya.ru,DELETE,2024-09-29 13:16:22
HdSDO@mail.ru,DELETE,2024-09-29 16:43:44
NqGeNPnu@ya.ru,CREATE,2024-09-29 02:56:46
EzsLelMRt@ya.ru,DELETE,2024-09-29 03:31:01
LjfSiOYsuMMKv@gmail.com,CREATE,2024-09-29 03:50:27
NqGeNPnu@ya.ru,READ,2024-09-29 05:11:27
EzsLelMRt@ya.ru,READ,2024-09-29 19:22:20
HdSDO@mail.ru,UPDATE,2024-09-29 18:21:48
LjfSiOYsuMMKv@gmail.com,CREATE,2024-09-29 07:53:23
LjfSiOYsuMMKv@gmail.com,READ,2024-09-29 14:17:26
EzsLelMRt@ya.ru,CREATE,2024-09-29 20:53:52
EzsLelMRt@ya.ru,CREATE,2024-09-29 16:04:09
gxTCOO@mail.ru,READ,2024-09-29 06:18:10
EzsLelMRt@ya.ru,DELETE,2024-09-29 04:48:23
gxTCOO@mail.ru,DELETE,2024-09-29 14:53:40
gxTCOO@mail.ru,CREATE,2024-09-29 07:27:03
LjfSiOYsuMMKv@gmail.com,DELETE,2024-09-29 14:26:26
zwKVmp@ya.ru,DELETE,2024-09-29 10:35:18
zwKVmp@ya.ru,CREATE,2024-09-29 00:32:35
HdSDO@mail.ru,UPDATE,2024-09-29 14:04:56
EzsLelMRt@ya.ru,UPDATE,2024-09-29 14:36:01
IBaqfi@gmail.com,READ,2024-09-29 08:26:33
xOdsRbq@mail.ru,CREATE,2024-09-29 06:13:47
IBaqfi@gmail.com,READ,2024-09-29 00:17:02
NqGeNPnu@ya.ru,UPDATE,2024-09-29 20:59:33
IBaqfi@gmail.com,DELETE,2024-09-29 05:16:11
IBaqfi@gmail.com,CREATE,2024-09-29 09:32:59
zwKVmp@ya.ru,READ,2024-09-29 12:42:16
EzsLelMRt@ya.ru,DELETE,2024-09-29 09:33:31
NqGeNPnu@ya.ru,UPDATE,2024-09-29 16:06:55
LjfSiOYsuMMKv@gmail.com,DELETE,2024-09-29 10:55:02
NqGeNPnu@ya.ru,DELETE,2024-09-29 10:52:24
YnwhwJoP@gmail.com,READ,2024-09-29 17:56:52
IBaqfi@gmail.com,READ,2024-09-29 13:26:54
gxTCOO@mail.ru,READ,2024-09-29 08:18:03
IBaqfi@gmail.com,CREATE,2024-09-29 21:27:08
gxTCOO@mail.ru,READ,2024-09-29 11:37:40
gxTCOO@mail.ru,DELETE,2024-09-29 04:51:29
YnwhwJoP@gmail.com,DELETE,2024-09-29 19:46:33
LjfSiOYsuMMKv@gmail.com,DELETE,2024-09-29 09:06:35
IBaqfi@gmail.com,UPDATE,2024-09-29 13:59:38
YnwhwJoP@gmail.com,DELETE,2024-09-29 05:53:47
YnwhwJoP@gmail.com,CREATE,2024-09-29 11:47:46
xOdsRbq@mail.ru,DELETE,2024-09-29 01:00:48
LjfSiOYsuMMKv@gmail.com,READ,2024-09-29 04:46:33
EzsLelMRt@ya.ru,CREATE,2024-09-29 08:30:21
AVYls@mail.ru,CREATE,2024-09-29 09:08:53
xOdsRbq@mail.ru,CREATE,2024-09-29 19:38:06
EzsLelMRt@ya.ru,CREATE,2024-09-29 17:03:15
EzsLelMRt@ya.ru,DELETE,2024-09-29 01:36:01
gxTCOO@mail.ru,CREATE,2024-09-29 20:21:26
AVYls@mail.ru,DELETE,2024-09-29 12:54:58
LjfSiOYsuMMKv@gmail.com,DELETE,2024-09-29 17:05:34
gxTCOO@mail.ru,DELETE,2024-09-29 12:53:28
IBaqfi@gmail.com,CREATE,2024-09-29 08:30:10
NqGeNPnu@ya.ru,DELETE,2024-09-29 04:43:51
LjfSiOYsuMMKv@gmail.com,READ,2024-09-29 09:10:13
gxTCOO@mail.ru,DELETE,2024-09-29 04:35:02
YnwhwJoP@gmail.com,CREATE,2024-09-29 10:32:12
zwKVmp@ya.ru,CREATE,2024-09-29 22:19:17
EzsLelMRt@ya.ru,DELETE,2024-09-29 17:11:29
xOdsRbq@mail.ru,UPDATE,2024-09-29 10:37:15
AVYls@mail.ru,UPDATE,2024-09-29 11:35:36
YnwhwJoP@gmail.com,CREATE,2024-09-29 07:39:54
YnwhwJoP@gmail.com,READ,2024-09-29 21:41:44
YnwhwJoP@gmail.com,READ,2024-09-29 11:24:07
xOdsRbq@mail.ru,READ,2024-09-29 17:41:40
AVYls@mail.ru,READ,2024-09-29 13:29:41
IBaqfi@gmail.com,UPDATE,2024-09-29 16:18:23
YnwhwJoP@gmail.com,UPDATE,2024-09-29 15:03:58
NqGeNPnu@ya.ru,CREATE,2024-09-29 22:27:45
xOdsRbq@mail.ru,DELETE,2024-09-29 01:24:09
HdSDO@mail.ru,CREATE,2024-09-29 13:03:20
AVYls@mail.ru,UPDATE,2024-09-29 11:46:32
YnwhwJoP@gmail.com,READ,2024-09-29 09:46:36
gxTCOO@mail.ru,CREATE,2024-09-29 12:25:19
zwKVmp@ya.ru,READ,2024-09-29 18:48:07
gxTCOO@mail.ru,UPDATE,2024-09-29 02:16:00
AVYls@mail.ru,DELETE,2024-09-29 07:06:45
IBaqfi@gmail.com,READ,2024-09-29 07:59:47
YnwhwJoP@gmail.com,CREATE,2024-09-29 07:42:17
YnwhwJoP@gmail.com,CREATE,2024-09-29 03:57:58
AVYls@mail.ru,UPDATE,2024-09-29 15:50:58
HdSDO@mail.ru,DELETE,2024-09-29 06:46:14
xOdsRbq@mail.ru,DELETE,2024-09-29 05:12:13
IBaqfi@gmail.com,DELETE,2024-09-29 03:36:38
NqGeNPnu@ya.ru,READ,2024-09-29 14:59:20
NqGeNPnu@ya.ru,UPDATE,2024-09-29 04:52:59
LjfSiOYsuMMKv@gmail.com,DELETE,2024-09-29 19:56:13
zwKVmp@ya.ru,UPDATE,2024-09-29 05:16:19
zwKVmp@ya.ru,UPDATE,2024-09-29 23:17:43
HdSDO@mail.ru,UPDATE,2024-09-29 23:30:02
LjfSiOYsuMMKv@gmail.com,DELETE,2024-09-29 17:17:19
IBaqfi@gmail.com,CREATE,2024-09-29 21:43:26
LjfSiOYsuMMKv@gmail.com,UPDATE,2024-09-29 03:11:45
AVYls@mail.ru,CREATE,2024-09-29 00:00:29
gxTCOO@mail.ru,UPDATE,2024-09-29 20:39:07
LjfSiOYsuMMKv@gmail.com,READ,2024-09-29 00:07:32
EzsLelMRt@ya.ru,CREATE,2024-09-29 17:39:30
zwKVmp@ya.ru,DELETE,2024-09-29 20:52:09
YnwhwJoP@gmail.com,READ,2024-09-29 07:13:31
gxTCOO@mail.ru,CREATE,2024-09-29 07:43:49
AVYls@mail.ru,UPDATE,2024-09-29 19:47:26
NqGeNPnu@ya.ru,UPDATE,2024-09-29 11:26:58
LjfSiOYsuMMKv@gmail.com,DELETE,2024-09-29 07:52:34
NqGeNPnu@ya.ru,CREATE,2024-09-29 17:09:27
YnwhwJoP@gmail.com,DELETE,2024-09-29 05:25:05
AVYls@mail.ru,CREATE,2024-09-29 17:06:57
YnwhwJoP@gmail.com,UPDATE,2024-09-29 20:44:29
zwKVmp@ya.ru,CREATE,2024-09-29 09:11:24
NqGeNPnu@ya.ru,UPDATE,2024-09-29 11:07:47
YnwhwJoP@gmail.com,READ,2024-09-29 17:22:38
xOdsRbq@mail.ru,READ,2024-09-29 12:26:29
gxTCOO@mail.ru,READ,2024-09-29 13:37:47
zwKVmp@ya.ru,DELETE,2024-09-29 02:35:03
IBaqfi@gmail.com,DELETE,2024-09-29 05:49:42
YnwhwJoP@gmail.com,READ,2024-09-29 04:51:04
YnwhwJoP@gmail.com,UPDATE,2024-09-29 21:41:49
gxTCOO@mail.ru,CREATE,2024-09-29 12:07:22
LjfSiOYsuMMKv@gmail.com,UPDATE,2024-09-29 00:25:44
HdSDO@mail.ru,CREATE,2024-09-29 06:16:01
zwKVmp@ya.ru,DELETE,2024-09-29 05:24:36
IBaqfi@gmail.com,CREATE,2024-09-29 03:22:57
xOdsRbq@mail.ru,CREATE,2024-09-29 07:51:20
zwKVmp@ya.ru,UPDATE,2024-09-29 07:40:37
NqGeNPnu@ya.ru,CREATE,2024-09-29 23:02:41
gxTCOO@mail.ru,CREATE,2024-09-29 03:07:32
EzsLelMRt@ya.ru,DELETE,2024-09-29 15:10:03
AVYls@mail.ru,DELETE,2024-09-29 04:21:22
IBaqfi@gmail.com,DELETE,2024-09-29 10:28:13
zwKVmp@ya.ru,READ,2024-09-29 12:53:26
zwKVmp@ya.ru,CREATE,2024-09-29 12:02:59
YnwhwJoP@gmail.com,UPDATE,2024-09-29 15:01:03
IBaqfi@gmail.com,READ,2024-09-29 18:26:04
xOdsRbq@mail.ru,DELETE,2024-09-29 10:27:17
HdSDO@mail.ru,UPDATE,2024-09-29 03:47:11
YnwhwJoP@gmail.com,READ,2024-09-29 04:19:27
gxTCOO@mail.ru,DELETE,2024-09-29 19:14:01
gxTCOO@mail.ru,UPDATE,2024-09-29 04:28:55
AVYls@mail.ru,UPDATE,2024-09-29 13:19:06
YnwhwJoP@gmail.com,CREATE,2024-09-29 12:22:08
zwKVmp@ya.ru,CREATE,2024-09-29 07:23:22
NqGeNPnu@ya.ru,CREATE,2024-09-29 20:11:22
IBaqfi@gmail.com,DELETE,2024-09-29 12:15:28
EzsLelMRt@ya.ru,CREATE,2024-09-29 14:33:20
EzsLelMRt@ya.ru,DELETE,2024-09-29 20:34:20
EzsLelMRt@ya.ru,CREATE,2024-09-29 14:35:06
HdSDO@mail.ru,UPDATE,2024-09-29 16:43:00
IBaqfi@gmail.com,DELETE,2024-09-29 20:26:58
AVYls@mail.ru,READ,2024-09-29 11:49:53
LjfSiOYsuMMKv@gmail.com,UPDATE,2024-09-29 04:37:16
AVYls@mail.ru,DELETE,2024-09-29 19:55:36
NqGeNPnu@ya.ru,UPDATE,2024-09-29 15:28:35
xOdsRbq@mail.ru,READ,2024-09-29 16:37:04
xOdsRbq@mail.ru,CREATE,2024-09-29 23:11:54
AVYls@mail.ru,DELETE,2024-09-29 06:02:44
xOdsRbq@mail.ru,DELETE,2024-09-29 02:25:08
zwKVmp@ya.ru,DELETE,2024-09-29 03:00:51
EzsLelMRt@ya.ru,DELETE,2024-09-29 19:15:55
EzsLelMRt@ya.ru,UPDATE,2024-09-29 05:47:20
EzsLelMRt@ya.ru,UPDATE,2024-09-29 22:19:32
zwKVmp@ya.ru,CREATE,2024-09-29 11:11:46
gxTCOO@mail.ru,READ,2024-09-29 08:29:29
gxTCOO@mail.ru,DELETE,2024-09-29 13:27:47
NqGeNPnu@ya.ru,DELETE,2024-09-29 14:44:51
YnwhwJoP@gmail.com,UPDATE,2024-09-29 12:14:03
zwKVmp@ya.ru,DELETE,2024-09-29 10:17:10
NqGeNPnu@ya.ru,UPDATE,2024-09-29 12:08:00
HdSDO@mail.ru,UPDATE,2024-09-29 10:51:37
HdSDO@mail.ru,UPDATE,2024-09-29 09:06:39
xOdsRbq@mail.ru,CREATE,2024-09-29 21:03:59
YnwhwJoP@gmail.com,READ,2024-09-29 02:01:38
xOdsRbq@mail.ru,UPDATE,2024-09-29 16:13:43
HdSDO@mail.ru,DELETE,2024-09-29 23:18:48
HdSDO@mail.ru,CREATE,2024-09-29 23:51:14
YnwhwJoP@gmail.com,DELETE,2024-09-29 03:00:38
AVYls@mail.ru,UPDATE,2024-09-29 17:13:34
xOdsRbq@mail.ru,DELETE,2024-09-29 07:19:11
NqGeNPnu@ya.ru,READ,2024-09-29 21:08:35
zwKVmp@ya.ru,UPDATE,2024-09-29 16:15:51
EzsLelMRt@ya.ru,UPDATE,2024-09-29 10:09:17
NqGeNPnu@ya.ru,READ,2024-09-29 03:19:34
IBaqfi@gmail.com,CREATE,2024-09-29 15:38:50
AVYls@mail.ru,READ,2024-09-29 17:48:18
xOdsRbq@mail.ru,UPDATE,2024-09-29 11:46:30
HdSDO@mail.ru,CREATE,2024-09-29 21:30:08
IBaqfi@gmail.com,DELETE,2024-09-29 11:33:51
NqGeNPnu@ya.ru,READ,2024-09-29 03:05:35
xOdsRbq@mail.ru,UPDATE,2024-09-29 22:58:44
AVYls@mail.ru,CREATE,2024-09-29 14:51:12
HdSDO@mail.ru,READ,2024-09-29 03:51:09
YnwhwJoP@gmail.com,READ,2024-09-29 01:41:36
AVYls@mail.ru,UPDATE,2024-09-29 06:46:52
LjfSiOYsuMMKv@gmail.com,READ,2024-09-29 17:52:32
xOdsRbq@mail.ru,UPDATE,2024-09-29 20:09:15
HdSDO@mail.ru,READ,2024-09-29 19:28:02
EzsLelMRt@ya.ru,DELETE,2024-09-29 22:03:45
xOdsRbq@mail.ru,UPDATE,2024-09-29 04:03:48
IBaqfi@gmail.com,CREATE,2024-09-29 14:41:45
zwKVmp@ya.ru,DELETE,2024-09-29 22:39:25
zwKVmp@ya.ru,UPDATE,2024-09-29 02:13:46
LjfSiOYsuMMKv@gmail.com,READ,2024-09-29 08:19:46
xOdsRbq@mail.ru,CREATE,2024-09-29 15:43:02
YnwhwJoP@gmail.com,READ,2024-09-29 01:46:36
AVYls@mail.ru,CREATE,2024-09-29 12:18:00
gxTCOO@mail.ru,CREATE,2024-09-29 13:13:10
YnwhwJoP@gmail.com,UPDATE,2024-09-29 02:15:24
YnwhwJoP@gmail.com,READ,2024-09-29 11:06:58
xOdsRbq@mail.ru,READ,2024-09-29 09:08:52
EzsLelMRt@ya.ru,CREATE,2024-09-29 01:23:41
zwKVmp@ya.ru,UPDATE,2024-09-29 19:41:21
IBaqfi@gmail.com,CREATE,2024-09-29 19:51:08
AVYls@mail.ru,UPDATE,2024-09-29 13:10:55
NqGeNPnu@ya.ru,CREATE,2024-09-29 21:54:28
HdSDO@mail.ru,CREATE,2024-09-29 08:07:43
gxTCOO@mail.ru,CREATE,2024-09-29 23:32:19
zwKVmp@ya.ru,DELETE,2024-09-29 09:44:55
xOdsRbq@mail.ru,CREATE,2024-09-29 16:52:00
zwKVmp@ya.ru,CREATE,2024-09-29 23:53:58
IBaqfi@gmail.com,UPDATE,2024-09-29 00:35:52
gxTCOO@mail.ru,DELETE,2024-09-29 21:17:52
gxTCOO@mail.ru,DELETE,2024-09-29 06:37:19
gxTCOO@mail.ru,UPDATE,2024-09-29 08:23:25
HdSDO@mail.ru,DELETE,2024-09-29 13:30:36
AVYls@mail.ru,READ,2024-09-29 16:16:27
AVYls@mail.ru,CREATE,2024-09-29 10:22:41
NqGeNPnu@ya.ru,CREATE,2024-09-29 01:48:06
IBaqfi@gmail.com,DELETE,2024-09-29 18:19:36
IBaqfi@gmail.com,UPDATE,2024-09-29 01:33:52
NqGeNPnu@ya.ru,DELETE,2024-09-29 18:11:42
YnwhwJoP@gmail.com,READ,2024-09-29 19:53:36
IBaqfi@gmail.com,CREATE,2024-09-29 00:49:19
YnwhwJoP@gmail.com,DELETE,2024-09-29 15:34:21
IBaqfi@gmail.com,READ,2024-09-29 11:31:34
AVYls@mail.ru,READ,2024-09-29 15:41:44
HdSDO@mail.ru,DELETE,2024-09-29 14:37:44
EzsLelMRt@ya.ru,READ,2024-09-29 05:03:52
EzsLelMRt@ya.ru,CREATE,2024-09-29 21:04:07
IBaqfi@gmail.com,CREATE,2024-09-29 19:17:12
zwKVmp@ya.ru,DELETE,2024-09-29 03:14:39
gxTCOO@mail.ru,CREATE,2024-09-29 07:49:09
HdSDO@mail.ru,CREATE,2024-09-29 00:05:59
xOdsRbq@mail.ru,CREATE,2024-09-29 14:38:32
NqGeNPnu@ya.ru,DELETE,2024-09-29 17:52:31
gxTCOO@mail.ru,DELETE,2024-09-29 01:03:51
EzsLelMRt@ya.ru,CREATE,2024-09-29 16:09:50
LjfSiOYsuMMKv@gmail.com,UPDATE,2024-09-29 04:20:58
IBaqfi@gmail.com,CREATE,2024-09-29 08:08:01
NqGeNPnu@ya.ru,UPDATE,2024-09-29 04:15:07
zwKVmp@ya.ru,CREATE,2024-09-29 04:11:29
LjfSiOYsuMMKv@gmail.com,READ,2024-09-29 21:08:36
AVYls@mail.ru,UPDATE,2024-09-29 09:36:51
AVYls@mail.ru,READ,2024-09-29 15:42:04
HdSDO@mail.ru,DELETE,2024-09-29 12:59:08
NqGeNPnu@ya.ru,CREATE,2024-09-29 07:07:00
EzsLelMRt@ya.ru,READ,2024-09-29 06:04:14
AVYls@mail.ru,DELETE,2024-09-29 08:01:55
AVYls@mail.ru,UPDATE,2024-09-29 16:51:18
zwKVmp@ya.ru,READ,2024-09-29 05:03:31
gxTCOO@mail.ru,CREATE,2024-09-29 21:55:53
LjfSiOYsuMMKv@gmail.com,READ,2024-09-29 20:25:24
zwKVmp@ya.ru,DELETE,2024-09-29 08:26:58
HdSDO@mail.ru,UPDATE,2024-09-29 18:36:01
gxTCOO@mail.ru,READ,2024-09-29 05:43:29
LjfSiOYsuMMKv@gmail.com,DELETE,2024-09-29 09:18:49
LjfSiOYsuMMKv@gmail.com,CREATE,2024-09-29 16:45:16
zwKVmp@ya.ru,DELETE,2024-09-29 11:30:51
IBaqfi@gmail.com,CREATE,2024-09-29 02:32:49
IBaqfi@gmail.com,UPDATE,2024-09-29 14:44:15
zwKVmp@ya.ru,CREATE,2024-09-29 17:39:37
LjfSiOYsuMMKv@gmail.com,UPDATE,2024-09-29 11:01:18
HdSDO@mail.ru,UPDATE,2024-09-29 06:20:43
YnwhwJoP@gmail.com,CREATE,2024-09-29 02:10:38
xOdsRbq@mail.ru,UPDATE,2024-09-29 23:38:31
IBaqfi@gmail.com,READ,2024-09-29 11:35:46
zwKVmp@ya.ru,DELETE,2024-09-29 04:12:20
NqGeNPnu@ya.ru,UPDATE,2024-09-29 15:57:54
YnwhwJoP@gmail.com,UPDATE,2024-09-29 01:26:49
HdSDO@mail.ru,UPDATE,2024-09-29 16:52:25
xOdsRbq@mail.ru,DELETE,2024-09-29 02:55:49
LjfSiOYsuMMKv@gmail.com,UPDATE,2024-09-29 04:49:01
YnwhwJoP@gmail.com,UPDATE,2024-09-29 14:55:14
AVYls@mail.ru,DELETE,2024-09-29 15:16:19
zwKVmp@ya.ru,UPDATE,2024-09-29 07:37:12
zwKVmp@ya.ru,READ,2024-09-29 20:20:56
gxTCOO@mail.ru,UPDATE,2024-09-29 10:48:43
LjfSiOYsuMMKv@gmail.com,DELETE,2024-09-29 23:41:32
NqGeNPnu@ya.ru,READ,2024-09-29 20:21:16
HdSDO@mail.ru,UPDATE,2024-09-29 17:56:29
NqGeNPnu@ya.ru,DELETE,2024-09-29 03:47:13
AVYls@mail.ru,DELETE,2024-09-29 19:17:21
NqGeNPnu@ya.ru,DELETE,2024-09-29 12:48:19
HdSDO@mail.ru,CREATE,2024-09-29 18:44:02
LjfSiOYsuMMKv@gmail.com,UPDATE,2024-09-29 02:29:31
HdSDO@mail.ru,CREATE,2024-09-29 05:04:41
zwKVmp@ya.ru,CREATE,2024-09-29 06:40:04
zwKVmp@ya.ru,READ,2024-09-29 01:13:59
HdSDO@mail.ru,DELETE,2024-09-29 17:17:03
HdSDO@mail.ru,UPDATE,2024-09-29 15:17:06
NqGeNPnu@ya.ru,UPDATE,2024-09-29 23:38:39
LjfSiOYsuMMKv@gmail.com,READ,2024-09-29 16:12:20
xOdsRbq@mail.ru,UPDATE,2024-09-29 02:17:40
EzsLelMRt@ya.ru,UPDATE,2024-09-29 16:02:17
IBaqfi@gmail.com,CREATE,2024-09-29 01:57:18
EzsLelMRt@ya.ru,READ,2024-09-29 10:30:20
xOdsRbq@mail.ru,UPDATE,2024-09-29 13:15:43
xOdsRbq@mail.ru,READ,2024-09-29 16:22:17
LjfSiOYsuMMKv@gmail.com,DELETE,2024-09-29 08:16:22
EzsLelMRt@ya.ru,UPDATE,2024-09-29 17:42:05
HdSDO@mail.ru,UPDATE,2024-09-29 01:32:42
LjfSiOYsuMMKv@gmail.com,CREATE,2024-09-29 06:42:25
YnwhwJoP@gmail.com,CREATE,2024-09-29 23:59:36
NqGeNPnu@ya.ru,CREATE,2024-09-29 20:31:55
EzsLelMRt@ya.ru,UPDATE,2024-09-29 10:27:32
IBaqfi@gmail.com,READ,2024-09-29 10:10:58
IBaqfi@gmail.com,DELETE,2024-09-29 11:53:25
xOdsRbq@mail.ru,UPDATE,2024-09-29 20:05:38
HdSDO@mail.ru,DELETE,2024-09-29 00:02:33
EzsLelMRt@ya.ru,CREATE,2024-09-29 00:08:19
NqGeNPnu@ya.ru,READ,2024-09-29 22:55:51
HdSDO@mail.ru,UPDATE,2024-09-29 07:16:42
LjfSiOYsuMMKv@gmail.com,DELETE,2024-09-29 00:56:36
AVYls@mail.ru,READ,2024-09-29 10:37:44
HdSDO@mail.ru,UPDATE,2024-09-29 23:28:13
AVYls@mail.ru,DELETE,2024-09-29 13:56:46
AVYls@mail.ru,UPDATE,2024-09-29 17:54:24
IBaqfi@gmail.com,UPDATE,2024-09-29 07:24:30
HdSDO@mail.ru,CREATE,2024-09-29 13:50:58
YnwhwJoP@gmail.com,CREATE,2024-09-29 17:56:13
YnwhwJoP@gmail.com,DELETE,2024-09-29 01:02:02
gxTCOO@mail.ru,READ,2024-09-29 12:16:12
EzsLelMRt@ya.ru,UPDATE,2024-09-29 05:25:46
HdSDO@mail.ru,UPDATE,2024-09-29 12:05:59
YnwhwJoP@gmail.com,UPDATE,2024-09-29 04:04:55
LjfSiOYsuMMKv@gmail.com,READ,2024-09-29 02:43:57
zwKVmp@ya.ru,CREATE,2024-09-29 16:59:57
HdSDO@mail.ru,UPDATE,2024-09-29 07:51:15
YnwhwJoP@gmail.com,UPDATE,2024-09-29 18:19:54
YnwhwJoP@gmail.com,CREATE,2024-09-29 21:39:11
YnwhwJoP@gmail.com,UPDATE,2024-09-29 16:34:23
xOdsRbq@mail.ru,UPDATE,2024-09-29 09:43:23
LjfSiOYsuMMKv@gmail.com,CREATE,2024-09-29 01:11:31
IBaqfi@gmail.com,CREATE,2024-09-29 21:39:25
AVYls@mail.ru,UPDATE,2024-09-29 06:54:29
YnwhwJoP@gmail.com,READ,2024-09-29 21:13:44
NqGeNPnu@ya.ru,CREATE,2024-09-29 00:55:00
AVYls@mail.ru,UPDATE,2024-09-29 19:13:29
LjfSiOYsuMMKv@gmail.com,READ,2024-09-29 23:03:19
AVYls@mail.ru,DELETE,2024-09-29 20:14:20
LjfSiOYsuMMKv@gmail.com,DELETE,2024-09-29 06:00:55
NqGeNPnu@ya.ru,UPDATE,2024-09-29 14:57:45
LjfSiOYsuMMKv@gmail.com,UPDATE,2024-09-29 05:20:21
IBaqfi@gmail.com,CREATE,2024-09-29 22:30:46
YnwhwJoP@gmail.com,READ,2024-09-29 00:41:40
NqGeNPnu@ya.ru,READ,2024-09-29 00:29:27
zwKVmp@ya.ru,DELETE,2024-09-29 18:05:40
NqGeNPnu@ya.ru,DELETE,2024-09-29 17:49:37
NqGeNPnu@ya.ru,CREATE,2024-09-29 03:12:36
zwKVmp@ya.ru,DELETE,2024-09-29 10:47:50
IBaqfi@gmail.com,CREATE,2024-09-29 14:42:44
YnwhwJoP@gmail.com,READ,2024-09-29 00:38:17
LjfSiOYsuMMKv@gmail.com,UPDATE,2024-09-29 22:33:49
EzsLelMRt@ya.ru,UPDATE,2024-09-29 13:53:38
AVYls@mail.ru,UPDATE,2024-09-29 05:48:34
NqGeNPnu@ya.ru,DELETE,2024-09-29 00:12:05
EzsLelMRt@ya.ru,CREATE,2024-09-29 18:06:08
LjfSiOYsuMMKv@gmail.com,DELETE,2024-09-29 07:33:10
EzsLelMRt@ya.ru,READ,2024-09-29 16:47:05
AVYls@mail.ru,CREATE,2024-09-29 18:23:27
AVYls@mail.ru,CREATE,2024-09-29 20:53:33
LjfSiOYsuMMKv@gmail.com,READ,2024-09-29 05:59:15
AVYls@mail.ru,READ,2024-09-29 03:35:36
YnwhwJoP@gmail.com,UPDATE,2024-09-29 05:08:30
xOdsRbq@mail.ru,READ,2024-09-29 17:57:22
IBaqfi@gmail.com,CREATE,2024-09-29 16:41:08
gxTCOO@mail.ru,CREATE,2024-09-29 02:43:24
AVYls@mail.ru,DELETE,2024-09-29 08:04:49
IBaqfi@gmail.com,UPDATE,2024-09-29 20:42:55
NqGeNPnu@ya.ru,CREATE,2024-09-29 19:30:58
gxTCOO@mail.ru,CREATE,2024-09-29 03:14:59
AVYls@mail.ru,CREATE,2024-09-29 18:12:56
HdSDO@mail.ru,UPDATE,2024-09-29 13:14:55
EzsLelMRt@ya.ru,CREATE,2024-09-29 05:14:22
YnwhwJoP@gmail.com,READ,2024-09-29 12:48:33
YnwhwJoP@gmail.com,DELETE,2024-09-29 20:53:01
HdSDO@mail.ru,CREATE,2024-09-29 11:31:59
AVYls@mail.ru,UPDATE,2024-09-29 00:03:14
EzsLelMRt@ya.ru,CREATE,2024-09-29 21:43:50
YnwhwJoP@gmail.com,CREATE,2024-09-29 01:02:22
AVYls@mail.ru,UPDATE,2024-09-29 23:41:40
NqGeNPnu@ya.ru,UPDATE,2024-09-29 20:15:37
zwKVmp@ya.ru,CREATE,2024-09-29 22:11:36
HdSDO@mail.ru,DELETE,2024-09-29 08:08:54
gxTCOO@mail.ru,UPDATE,2024-09-29 14:37:05
HdSDO@mail.ru,READ,2024-09-29 21:02:47
NqGeNPnu@ya.ru,CREATE,2024-09-29 00:48:23
NqGeNPnu@ya.ru,UPDATE,2024-09-29 08:34:14
EzsLelMRt@ya.ru,CREATE,2024-09-29 09:28:31
AVYls@mail.ru,DELETE,2024-09-29 12:46:46
NqGeNPnu@ya.ru,CREATE,2024-09-29 19:47:08
zwKVmp@ya.ru,READ,2024-09-29 09:37:57
zwKVmp@ya.ru,UPDATE,2024-09-29 04:03:18
IBaqfi@gmail.com,DELETE,2024-09-29 16:59:48
IBaqfi@gmail.com,UPDATE,2024-09-29 09:57:34
xOdsRbq@mail.ru,CREATE,2024-09-29 19:33:48
xOdsRbq@mail.ru,CREATE,2024-09-29 18:45:04
EzsLelMRt@ya.ru,DELETE,2024-09-29 03:16:02
xOdsRbq@mail.ru,READ,2024-09-29 23:12:51
EzsLelMRt@ya.ru,UPDATE,2024-09-29 04:51:00
LjfSiOYsuMMKv@gmail.com,CREATE,2024-09-29 17:53:15
IBaqfi@gmail.com,UPDATE,2024-09-29 10:24:55
IBaqfi@gmail.com,UPDATE,2024-09-29 16:23:14
AVYls@mail.ru,CREATE,2024-09-29 17:43:59
zwKVmp@ya.ru,UPDATE,2024-09-29 14:21:57
gxTCOO@mail.ru,CREATE,2024-09-29 08:24:13
gxTCOO@mail.ru,READ,2024-09-29 17:02:32
AVYls@mail.ru,DELETE,2024-09-29 04:43:51
zwKVmp@ya.ru,UPDATE,2024-09-29 16:05:34
YnwhwJoP@gmail.com,CREATE,2024-09-29 07:30:36
gxTCOO@mail.ru,DELETE,2024-09-29 10:51:12
gxTCOO@mail.ru,UPDATE,2024-09-29 17:27:07
xOdsRbq@mail.ru,CREATE,2024-09-29 02:47:40
zwKVmp@ya.ru,CREATE,2024-09-29 17:15:38
IBaqfi@gmail.com,UPDATE,2024-09-29 02:01:04
gxTCOO@mail.ru,DELETE,2024-09-29 03:40:54
AVYls@mail.ru,DELETE,2024-09-29 18:48:45
NqGeNPnu@ya.ru,DELETE,2024-09-29 15:18:08
LjfSiOYsuMMKv@gmail.com,UPDATE,2024-09-29 05:01:49
HdSDO@mail.ru,UPDATE,2024-09-29 12:27:46
HdSDO@mail.ru,CREATE,2024-09-29 20:19:37
IBaqfi@gmail.com,READ,2024-09-29 16:24:23
YnwhwJoP@gmail.com,CREATE,2024-09-29 05:20:16
EzsLelMRt@ya.ru,READ,2024-09-29 15:00:03
EzsLelMRt@ya.ru,CREATE,2024-09-29 23:13:21
YnwhwJoP@gmail.com,CREATE,2024-09-29 21:04:14
YnwhwJoP@gmail.com,CREATE,2024-09-29 21:35:07
HdSDO@mail.ru,DELETE,2024-09-29 22:28:20
gxTCOO@mail.ru,CREATE,2024-09-29 18:23:18
xOdsRbq@mail.ru,CREATE,2024-09-29 02:15:45
HdSDO@mail.ru,READ,2024-09-29 11:44:40
NqGeNPnu@ya.ru,CREATE,2024-09-29 03:04:11
gxTCOO@mail.ru,UPDATE,2024-09-29 00:19:51
EzsLelMRt@ya.ru,CREATE,2024-09-29 20:08:38
NqGeNPnu@ya.ru,READ,2024-09-29 07:01:03
gxTCOO@mail.ru,DELETE,2024-09-29 17:50:34
IBaqfi@gmail.com,DELETE,2024-09-29 14:26:25
HdSDO@mail.ru,DELETE,2024-09-29 18:32:27
IBaqfi@gmail.com,UPDATE,2024-09-29 10:38:47
EzsLelMRt@ya.ru,CREATE,2024-09-29 04:42:09
zwKVmp@ya.ru,UPDATE,2024-09-29 02:22:34
AVYls@mail.ru,CREATE,2024-09-29 21:42:51
xOdsRbq@mail.ru,UPDATE,2024-09-29 00:48:37
gxTCOO@mail.ru,UPDATE,2024-09-29 03:38:55
IBaqfi@gmail.com,UPDATE,2024-09-29 02:20:47
xOdsRbq@mail.ru,UPDATE,2024-09-29 07:16:46
HdSDO@mail.ru,DELETE,2024-09-29 06:43:16
YnwhwJoP@gmail.com,UPDATE,2024-09-29 07:36:42
YnwhwJoP@gmail.com,UPDATE,2024-09-29 12:29:16
AVYls@mail.ru,DELETE,2024-09-29 07:52:15
xOdsRbq@mail.ru,UPDATE,2024-09-29 16:45:13
EzsLelMRt@ya.ru,DELETE,2024-09-29 17:24:41
YnwhwJoP@gmail.com,DELETE,2024-09-29 01:26:55
HdSDO@mail.ru,READ,2024-09-29 22:11:47
IBaqfi@gmail.com,READ,2024-09-29 16:18:38
EzsLelMRt@ya.ru,DELETE,2024-09-29 07:58:38
gxTCOO@mail.ru,CREATE,2024-09-29 08:14:54
AVYls@mail.ru,UPDATE,2024-09-29 04:34:20
YnwhwJoP@gmail.com,DELETE,2024-09-29 09:41:49
AVYls@mail.ru,DELETE,2024-09-29 01:39:10
xOdsRbq@mail.ru,UPDATE,2024-09-29 16:53:38
zwKVmp@ya.ru,DELETE,2024-09-29 15:55:49
gxTCOO@mail.ru,READ,2024-09-29 18:05:48
gxTCOO@mail.ru,CREATE,2024-09-29 11:58:00
gxTCOO@mail.ru,UPDATE,2024-09-29 01:40:17
LjfSiOYsuMMKv@gmail.com,UPDATE,2024-09-29 08:09:50